Latitude,Longitude,Hazard_Prob,GLOF
42.522,74.609,0.7452902950558787,1
42.207,79.846,0.9998541717992295,1
35.677,77.193,0.972381581020957,1
29.307,83.967,0.010516501965832736,1
36.039,74.633,0.805571928405508,1
41.975,76.867,0.7529953454333465,1
27.874,86.586,0.8230549021543007,1
42.207,79.846,0.999131332908985,1
36.414,74.879,0.8211305185437175,1
27.586,88.027,0.11364974033828984,1
42.923,76.602,0.8935525508223583,1
42.207,79.846,0.9997785040988355,1
35.677,77.193,0.9770834892865436,1
42.207,79.846,0.9991051288940511,1
35.677,77.193,0.9665015411301559,1
42.207,79.846,0.9991927824199326,1
31.295,78.332,0.3077389227908724,1
42.522,74.609,0.9925664586473167,1
42.505,74.505,0.9229023708367663,1
29.288,83.868,0.3562143844744597,1
38.632,72.146,0.9992433709137466,1
42.537,74.431,0.9135623523753555,1
42.923,76.602,0.9573769192570515,1
29.466,96.501,0.8926518514884965,1
29.554,92.785,0.04467475535204382,1
42.207,79.846,0.99991270259659,1
42.207,79.846,0.9996107807748091,1
42.207,79.846,0.9998971412531797,1
36.75,74.01,0.9999743906107539,1
35.496,76.27,0.9998451784932101,1
35.253,77.311,0.9997041731455452,1
43.171,77.295,0.4032316680282867,1
42.207,79.846,0.9995373297082008,1
27.965,88.895,0.2825191226205883,1
28.087,90.326,0.5901851877606334,1
27.877,86.461,0.23768606166970052,1
42.207,79.846,0.9990053207395337,1
35.93,74.609,0.22066919808758204,1
36.043,74.571,0.9525605403791476,1
42.923,76.602,0.8336247051292636,1
42.207,79.846,0.9984842638605563,1
29.748,96.538,0.999090428940222,1
27.929,86.447,0.020141474721220735,1
27.557,88.111,0.702584273152698,1
42.528,74.54,0.9490297698111627,1
42.537,74.431,0.9398322486460658,1
36.84,73.92,0.9999035741781547,1
35.496,76.27,0.9999476998995204,1
42.522,74.609,0.7107941733685944,1
35.253,77.311,0.9998046872167916,1
43.146,77.271,0.8523116833926007,1
36.033,73.197,0.797408860476587,1
42.207,79.846,0.9998664674093467,1
30.356,82.118,0.4451948639024994,1
36.62,74.07,0.9998819946176546,1
36.027,73.196,0.7792130699418784,1
42.97,77.03,0.9194213228055073,1
42.207,79.846,0.998251111293261,1
28.092,90.3,0.7732416446569477,1
28.802,91.937,0.4658291033763332,1
28.662,85.37,0.6918571033298031,1
43.0,77.1,0.9786237101286323,1
42.207,79.846,0.9978947916111552,1
28.663,85.478,0.5111609560389804,1
36.5,75.22,0.999983858564106,1
43.08,77.15,0.8358246671357855,1
27.705,92.387,0.6228620566694543,1
42.207,79.846,0.9972325528968611,1
27.901,88.782,0.45205535354069526,1
43.08,77.15,0.8092382493269642,1
43.04,77.04,0.9999706747643332,1
43.016,77.024,0.9999890530871348,1
42.207,79.846,0.9990743173773702,1
35.677,77.193,0.9997351642232105,1
43.006,76.566,0.9999900396741348,1
27.903,90.418,0.21713200874132965,1
27.899,90.807,0.33591888852798085,1
42.923,76.602,0.9351557919537713,1
39.75,71.568,0.9202202501344304,1
42.207,79.846,0.9998386333627858,1
27.743,86.845,0.8868646904584947,1
27.955,86.776,0.5744201816920014,1
35.677,77.193,0.9995538012949614,1
42.528,74.54,0.6672876222651501,1
36.342,75.479,0.705918093821249,1
42.522,74.609,0.6239055206697223,1
42.207,79.846,0.9992427380521899,1
35.677,77.193,0.9996125095979091,1
42.522,74.609,0.9864164708978225,1
35.253,77.311,0.999854793748943,1
36.84,73.92,0.9999675236399482,1
36.342,75.479,0.9999791026512693,1
42.207,79.846,0.9999541021605616,1
35.496,76.27,0.9863092963360262,1
36.342,75.479,0.9999458422908345,1
42.207,79.846,0.9999724414175096,1
28.211,89.745,0.5377894666706513,1
28.139,85.92,0.623801096400285,1
36.35,74.57,0.9999923329276273,1
35.253,77.311,0.9992896973187992,1
36.342,75.479,0.9966500203717302,1
42.207,79.846,0.998831092838358,1
37.22,71.734,0.9525452179221094,1
35.677,77.193,0.9989419497729435,1
36.342,75.479,0.999846104863568,1
36.613,73.896,0.9995767237128013,1
30.684,94.324,0.9082999250281789,1
29.632,93.546,0.2690310377962732,1
34.477,76.971,0.433657933629714,1
42.522,74.609,0.9004938963820365,1
36.342,75.479,0.999940677372413,1
42.207,79.846,0.999381087885559,1
36.84,73.92,0.9994515936070124,1
30.267,81.474,0.8869006672658035,1
42.207,79.846,0.9999090225296561,1
35.677,77.193,0.9685200214776777,1
36.384,72.706,0.1554048775186982,1
42.537,74.427,0.7780148544251599,1
42.207,79.846,0.9998561109948961,1
43.128,77.509,0.5862173951323969,1
36.027,73.196,0.25482453126821736,1
35.677,77.193,0.9922853714573145,1
29.752,96.465,0.3659483583030584,1
30.267,81.474,0.9058140777797106,1
41.859,76.995,0.9540222616982122,1
42.207,79.846,0.9997119559696495,1
35.677,77.193,0.9785995467727391,1
36.428,74.806,0.8933756674955555,1
30.267,81.474,0.9080499092840728,1
42.207,79.846,0.9999694049523565,1
28.278,90.225,0.39068006182220166,1
36.457,74.879,0.980011368477702,1
36.428,74.806,0.8561927357571605,1
36.428,74.806,0.8565085741430205,1
36.428,74.806,0.8374177507524463,1
35.677,77.193,0.9954495703546348,1
30.267,81.474,0.867366911574419,1
36.428,74.806,0.8747313596887979,1
42.207,79.846,0.9998752651082866,1
41.941,77.017,0.9353805019885786,1
28.323,97.835,0.12771871975273894,1
42.207,79.846,0.9999742921718479,1
37.094,71.637,0.24241526035648456,1
36.043,74.571,0.923249607562869,1
36.428,74.806,0.6600830630178389,1
28.101,90.164,0.9879968159627633,1
30.267,81.474,0.9132672849346694,1
36.784,74.004,0.9999007990065226,1
35.677,77.193,0.999922495526608,1
30.83,94.0,0.43659023199557373,1
28.087,90.326,0.528256170887699,1
35.93,74.609,0.32194941243014696,1
36.039,74.633,0.7968989772150289,1
36.546,73.353,0.9939364561790052,1
42.522,74.609,0.7563955977283446,1
36.342,75.479,0.9999392860112268,1
42.207,79.846,0.9999007401602329,1
36.043,74.571,0.9395595113296086,1
27.951,87.985,0.3747235827613552,1
36.174,71.898,0.4438053589946482,1
33.019,78.488,0.2983079594462196,1
42.207,79.846,0.9997553442631953,1
35.411,77.604,0.9944194175823919,1
30.267,81.474,0.920853050204884,1
42.207,79.846,0.9999523271282187,1
36.027,73.196,0.6628197638219384,1
42.537,74.427,0.9944810055945965,1
35.411,77.604,0.994306399988017,1
30.747,79.062,0.9069526134106052,1
30.473,93.534,0.576656235645856,1
36.784,74.004,0.999970452822944,1
41.987,76.814,0.9622967149052786,1
36.475,71.129,0.8131250099359966,1
30.531,94.944,0.9279179736009774,1
35.997,74.666,0.7282910409766289,1
35.411,77.604,0.9979932625107825,1
43.144,77.277,0.9982470753889928,1
41.973,76.828,0.948589878406087,1
33.617,77.613,0.40541439100909926,1
42.207,79.846,0.9999697178302311,1
27.874,86.586,0.4856696878761472,1
27.906,86.891,0.9287934489861367,1
28.07,89.58,0.8433179360832496,1
35.997,74.666,0.6395645188035773,1
36.22,71.775,0.5831714107657312,1
36.174,71.898,0.6386866925180102,1
30.737,94.253,0.901237629097142,1
35.677,77.193,0.9995553775997416,1
43.007,76.847,0.9827834882775816,1
42.528,74.54,0.9534316685927765,1
30.31,82.2,0.23439972307785067,1
27.943,87.896,0.3036256129055404,1
42.207,79.846,0.9998506539565806,1
36.784,74.004,0.9999683607174148,1
27.906,86.891,0.934545979093201,1
35.677,77.193,0.9995295553358987,1
28.078,86.064,0.6876540266074841,1
35.677,77.193,0.9995295553358987,1
27.813,87.139,0.6710529317452679,1
42.207,79.846,0.9998471021604965,1
27.989,86.811,0.9190251679761251,1
36.342,75.479,0.9997095346996736,1
34.588,76.733,0.199987467524668,1
42.4,74.7,0.966409075818524,1
35.677,77.193,0.9998078507037911,1
36.342,75.479,0.9994698838371437,1
36.342,75.479,0.9994698838371437,1
36.342,75.479,0.9995517147910327,1
28.245,86.321,0.31090891700576057,1
35.47,69.628,0.8994019661012386,1
36.5,74.06,0.23782318952458414,1
42.207,79.846,0.9999542642743646,1
35.677,77.193,0.9994839424199907,1
36.342,75.479,0.9994706116308649,1
28.106,90.263,0.6901825810372293,1
36.361,74.563,0.9999727249702743,1
42.207,79.846,0.9999684154871672,1
35.86,71.97,0.8173629537591884,1
35.677,77.193,0.9989424647948099,1
41.978,77.267,0.9447537833578373,1
43.007,76.847,0.9999459738378067,1
36.361,74.563,0.9999913521823184,1
36.361,74.563,0.9999913521823184,1
30.356,93.631,0.7741183248670072,1
35.86,71.97,0.9857319104330529,1
30.436,94.544,0.9717746248750894,1
42.207,79.846,0.999931455769734,1
36.853,73.023,0.15982543862186455,1
36.342,75.479,0.9999339980794865,1
36.361,74.563,0.9999899528129186,1
36.33,73.68,0.612036692730429,1
28.131,85.515,0.5899687459017504,1
42.207,79.846,0.9983087002775359,1
35.46,69.639,0.9183958241598986,1
48.624,90.977,0.8997942016996415,1
34.0,77.422,0.4645642016172939,1
36.361,74.563,0.9999901580946284,1
42.207,79.846,0.9974403746794757,1
42.207,79.846,0.9998379298544895,1
27.913,88.195,0.3148625357675929,1
28.717,98.004,0.680337869329191,1
36.412,72.901,0.6212929907233895,0
36.263,73.048,0.0845697293596548,0
36.642,73.407,0.9890090324661829,0
36.131,73.384,0.1088864926834277,0
36.116,73.423,0.1108738372092194,0
36.112,73.449,0.1258789919097071,0
36.108,73.465,0.10960806091558083,0
36.086,73.461,0.09672676739216417,0
36.024,73.328,0.0867017021772385,0
36.0,73.312,0.09976440735984478,0
36.879,73.704,0.06509686040766614,0
36.644,73.646,0.15501275587580562,0
36.431,73.566,0.20296175401150465,0
36.351,73.514,0.17984004424768754,0
36.154,73.616,0.07366970671206052,0
36.145,73.639,0.08046052645085242,0
36.129,73.505,0.05849938716732915,0
36.096,73.668,0.13528778840557762,0
36.08,73.646,0.15025275942425956,0
36.039,73.592,0.13014535951236353,0
36.03,73.714,0.12123622593431192,0
36.011,73.558,0.21971965987632297,0
36.265,73.955,0.14582586691618515,0
36.239,74.084,0.3555349625739398,0
36.137,75.136,0.9755525200622551,0
36.126,75.14,0.9234288464739001,0
36.44,75.686,0.023170847469108136,0
35.994,72.613,0.044715231475256766,0
35.944,72.595,0.10780275554131137,0
35.869,72.94,0.10565779027107525,0
35.855,72.98,0.6544596345972189,0
35.92,73.064,0.06921052782763362,0
35.906,73.155,0.11277300592840481,0
35.871,73.073,0.07931805885801675,0
35.829,73.228,0.24171552182723047,0
35.825,73.211,0.22057447847346312,0
35.73,73.216,0.3775725881565254,0
35.987,73.313,0.1043565132888037,0
35.962,73.397,0.10382189201059365,0
35.949,73.289,0.09469460908153286,0
35.945,73.365,0.18186857372506898,0
35.936,73.269,0.0781700306578173,0
35.925,73.274,0.09653545583576452,0
35.925,73.342,0.1671747913289532,0
35.918,73.371,0.14333200575664673,0
35.817,73.297,0.16366646434065002,0
35.739,73.256,0.35933675894917405,0
35.675,73.344,0.4705546346400527,0
35.652,73.357,0.32783487511265724,0
35.643,73.352,0.310532297104903,0
35.904,73.568,0.17351125222556807,0
35.889,73.692,0.1451753418288772,0
35.88,73.577,0.1842753656509366,0
35.877,73.615,0.012886859637441997,0
35.865,73.746,0.3280470484328574,0
35.783,73.507,0.2747226817072959,0
35.782,73.572,0.057197916754310366,0
35.972,73.911,0.14180458958342015,0
35.939,73.985,0.04197714455583112,0
35.917,73.945,0.1469517842719409,0
35.916,73.992,0.038881130289410704,0
35.906,73.922,0.14144978804982436,0
35.882,73.763,0.3362329700386233,0
35.868,73.929,0.006415990337359461,0
35.858,73.869,0.12448053130052954,0
35.856,73.775,0.4855662745857054,0
35.852,73.877,0.1993233102999946,0
35.247,73.799,0.3253252415438638,0
35.184,73.958,0.2525179069930772,0
34.83,73.985,0.25300947457146417,0
35.962,74.019,0.09114182021998293,0
35.817,74.083,0.15183047335848968,0
35.779,74.205,0.24620104196211157,0
35.773,74.196,0.22807576819054926,0
35.707,74.243,0.009651309463379115,0
35.686,74.23,0.009385555594712993,0
35.073,74.177,0.31040266047470894,0
35.821,74.294,0.1519533902669687,0
35.722,74.256,0.09610108276580301,0
35.4,74.676,0.5547148480338654,0
35.332,74.941,0.3258447134406527,0
35.33,74.786,0.9671420703555677,0
35.315,74.937,0.7083204455891229,0
35.082,74.961,0.1494507992271248,0
35.075,74.958,0.1313286490996178,0
34.962,74.1,0.15326353141513882,0
34.948,74.138,0.36917040040759114,0
34.926,74.155,0.33163817791280586,0
34.902,74.048,0.2588763463356091,0
34.858,74.077,0.759950337397058,0
34.829,74.062,0.7203817538868879,0
34.876,74.477,0.7536674231800279,0
34.92,74.521,0.9039687005406041,0
34.908,74.68,0.6112559218567823,0
34.849,74.523,0.5496133874773133,0
34.84,74.676,0.22501538628269513,0
34.846,74.787,0.004820052779555661,0
34.845,74.809,0.004053451920220941,0
34.84,74.761,0.1678563380503227,0
34.548,74.819,0.035261825320059254,0
34.537,74.828,0.13930717447711938,0
34.493,74.921,0.17896458071209842,0
34.489,74.906,0.1345098190695406,0
34.47,74.913,0.18622203136894908,0
34.457,74.985,0.5102516627698556,0
34.452,74.932,0.6072339540758555,0
34.448,74.909,0.5906914752523735,0
34.444,74.892,0.6828220958831042,0
34.432,74.924,0.7178302073245078,0
34.418,74.936,0.7388924105629323,0
34.392,74.874,0.17692977333526846,0
34.385,74.944,0.11397072961378338,0
34.38,74.876,0.13915557192810318,0
33.866,74.417,0.23245343522657821,0
33.841,74.428,0.2356931878735237,0
33.829,74.435,0.23066219992201548,0
33.82,74.451,0.16910050819852337,0
33.74,74.526,0.3014275428587475,0
33.735,74.523,0.28647821859299266,0
33.559,74.526,0.02725050896625751,0
33.55,74.543,0.09946267845099233,0
33.54,74.523,0.02891717741982735,0
33.54,74.565,0.020746243540323443,0
33.536,74.555,0.09052983181355867,0
33.53,74.574,0.021992917462235702,0
33.528,74.561,0.017439127529439206,0
33.522,74.605,0.02844327515986632,0
33.519,74.584,0.023731542116424403,0
33.51,74.564,0.02302813084518727,0
33.509,74.625,0.33677852075797315,0
33.505,74.594,0.01871238259737833,0
33.496,74.565,0.04075381044431789,0
33.444,74.614,0.041787339955517484,0
33.512,74.769,0.10434928495663197,0
33.503,74.85,0.6531867189973771,0
35.264,75.194,0.09077427125958715,0
35.231,75.182,0.15590615947817002,0
35.119,75.228,0.1601270782113568,0
35.049,75.198,0.08778853406578375,0
35.016,75.001,0.251890731406507,0
35.182,75.422,0.3756424178778177,0
35.143,75.261,0.1407785361324993,0
35.132,75.321,0.17845404963165468,0
35.172,75.521,0.37356505476352286,0
35.096,75.579,0.0017792977150301354,0
35.027,75.725,0.16073624566045502,0
34.991,75.236,0.0032534490392583386,0
34.972,75.051,0.23201104650836513,0
34.922,75.25,0.059880261221396,0
34.92,75.177,0.016400335805276448,0
34.919,75.189,0.01722867138679906,0
34.697,75.137,0.019078816254062676,0
34.684,75.14,0.018219113964503156,0
34.666,75.179,0.03961793725780219,0
34.422,75.058,0.4415662646561241,0
34.397,75.103,0.18278666024822218,0
34.388,75.119,0.2202466477971526,0
34.207,75.147,0.23578295460920518,0
34.203,75.205,0.3467952518202363,0
34.156,75.113,0.03207950170092182,0
34.144,75.11,0.03900620958038561,0
34.14,75.148,0.004702235283558519,0
34.093,75.161,0.19387699405511918,0
34.063,75.216,0.27518959341530547,0
34.825,75.382,0.006821732256428127,0
34.775,75.48,0.10488605101852445,0
34.234,75.275,0.2545049687310153,0
34.193,75.321,0.49747290408018247,0
34.184,75.373,0.4795539905793843,0
34.139,75.377,0.3201219592689272,0
34.094,75.498,0.15252138622784797,0
34.067,75.475,0.3176330096984311,0
34.987,75.553,0.10339286584520375,0
34.965,75.545,0.08439815676239339,0
34.947,75.592,0.0738980016028506,0
34.896,75.617,0.06109693143236673,0
34.893,75.713,0.041688574143583755,0
34.883,75.68,0.12575196753699663,0
34.873,75.716,0.04375818063839453,0
34.808,75.545,0.11405999876556512,0
34.491,75.649,0.17615410028515635,0
34.947,75.763,0.09070521047608689,0
34.888,75.892,0.0770377666926066,0
34.878,75.871,0.10175266646899557,0
34.859,75.942,0.07887535110905859,0
34.04,75.844,0.5640499085170959,0
33.953,75.378,0.23757342635507148,0
33.952,75.411,0.10358272538513925,0
33.929,75.389,0.199909303823479,0
33.754,75.47,0.27695413909113586,0
33.619,75.537,0.07625242917238277,0
35.954,76.03,0.6794596337502552,0
35.171,76.205,0.206374617023572,0
35.097,76.234,0.4425614522057765,0
35.73,76.41,0.0025849836123586736,0
35.72,76.375,0.12025325370829575,0
35.092,76.252,0.7944464678473241,0
35.074,76.293,0.2644180659878885,0
35.056,76.261,0.1909325753008113,0
35.011,76.32,0.02938652307729203,0
34.351,76.075,0.4914359161891905,0
34.854,76.383,0.29561239243743337,0
34.854,76.368,0.25415513906597204,0
34.833,76.352,0.25457685664943885,0
34.827,76.456,0.0371376728465571,0
34.818,76.409,0.04662772597136319,0
34.772,76.5,0.03337727533869314,0
34.762,76.469,0.02685774004278581,0
34.813,76.517,0.04255298422509183,0
34.811,76.502,0.043130963845286474,0
34.765,76.711,0.06085395221365714,0
34.051,76.718,0.5302732192133136,0
34.005,76.721,0.54951675504957,0
34.671,76.758,0.03890177091149134,0
34.006,76.788,0.4251568427210313,0
33.945,76.23,0.783368966007363,0
33.942,76.019,0.8565194782943619,0
33.868,76.121,0.8698834125901302,0
33.844,76.375,0.8236840893689142,0
33.507,76.45,0.4919499134526959,0
33.159,76.984,0.6667631828664953,0
32.336,76.332,0.20770166563350184,0
35.476,77.513,0.2637035236129322,0
35.032,77.7,0.23151949266407879,0
35.06,77.856,0.0019513026858553157,0
34.905,77.616,0.5126592936079903,0
34.398,77.983,0.36788335048015897,0
33.556,77.664,0.06988004720578361,0
33.999,77.979,0.024746118734779336,0
32.526,77.22,0.8476714749490878,0
32.499,77.547,0.6469250847380039,0
32.483,77.615,0.03162506561004011,0
34.521,78.09,0.2398507108899675,0
34.52,78.101,0.22754383013617369,0
34.457,78.136,0.16283475357731725,0
34.446,78.143,0.15944767582328995,0
34.401,78.079,0.41401262476753703,0
34.39,78.089,0.10814815570007504,0
34.233,78.426,0.01042282282045169,0
34.2,78.516,0.013679915658013101,0
34.151,78.553,0.04133439798880582,0
33.281,78.23,0.016017125240883646,0
33.137,78.197,0.22683943648176705,0
33.496,78.498,0.004348665802040468,0
33.455,78.498,0.0027348255291268424,0
33.427,78.488,0.0020191836307262884,0
33.055,78.47,0.09706023746429607,0
33.558,78.506,0.04511491633354437,0
33.517,78.519,0.0019023833016272842,0
33.474,78.502,0.0030602998071452866,0
32.363,78.272,0.4173750370405174,0
32.736,78.726,0.2631556410575695,0
32.492,78.852,0.24308151122251292,0
32.441,78.925,0.2734961622479765,0
32.409,78.9,0.3339137571232764,0
32.32,78.979,0.3135301570456509,0
32.029,78.845,0.22920575286334452,0
32.21,79.044,0.008153673703033616,0
32.377,79.393,0.011717560813676113,0
32.399,79.622,0.02501870905848343,0
32.389,79.659,0.1681319749078039,0
32.298,79.662,0.03266631028758801,0
31.661,78.168,0.7470703599470081,0
31.339,78.254,0.5330207433475299,0
31.993,78.845,0.2345423655978266,0
31.919,78.784,0.2555316265422988,0
31.914,78.84,0.20438513414513848,0
31.554,78.751,0.4607386160713902,0
31.984,79.958,0.26759832191681265,0
31.95,79.986,0.39435349000206343,0
31.937,79.994,0.22740095711171648,0
31.925,79.865,0.0019074658393159617,0
31.909,79.988,0.03798414926207433,0
31.9,79.986,0.0037448769451896217,0
31.878,79.984,0.004855907994569408,0
34.282,80.09,0.11244443773932492,0
34.324,80.84,0.20614845620665537,0
34.316,80.858,0.9966755147837968,0
34.307,80.982,0.22831704179195025,0
32.423,80.865,0.03263882823890956,0
34.299,81.202,0.0006041611330643231,0
34.341,81.257,0.032364247597282764,0
31.9,80.001,0.017105451185293396,0
31.881,79.999,0.004878664814610604,0
31.694,80.664,0.3377170134113271,0
31.499,80.948,0.0004030011435334089,0
31.495,80.985,0.0024739906311782908,0
31.474,80.992,0.0023904025539500796,0
30.552,80.4,0.5833072832991953,0
30.477,80.592,0.48632442600636777,0
31.985,81.063,0.002266024694569484,0
31.442,81.157,0.0002987238893311766,0
31.285,81.032,0.2879415722094531,0
31.285,81.176,0.0049529520158019666,0
31.26,81.133,0.06183238856212671,0
31.234,81.138,0.32910018696656135,0
31.182,81.195,0.0117591047986946,0
31.179,81.152,0.12324502241459097,0
31.153,81.243,0.0459263027386312,0
31.284,81.631,0.0008748519583326671,0
31.274,81.595,0.010926654454000257,0
31.272,81.518,0.00517763172970948,0
30.431,81.433,0.016263152482959748,0
30.43,81.463,0.11106523728974295,0
30.416,81.468,0.12281392925539701,0
30.409,81.476,0.3295831261707341,0
30.515,81.702,0.035839619359042986,0
30.43,81.714,0.0010224937049012517,0
30.421,81.721,0.00035271589638551245,0
30.393,81.533,0.021242003308303007,0
30.463,81.993,0.010807022105770002,0
30.427,81.871,0.020819817549168423,0
30.419,81.868,0.0202528220147233,0
30.399,81.853,0.2621524998475533,0
30.392,81.964,0.30130918443255994,0
30.39,81.818,0.34817201008040893,0
30.39,81.895,0.3319986619860276,0
30.385,81.93,0.43408369316470424,0
30.385,81.841,0.3120538709643721,0
30.592,82.084,0.0005210266789039235,0
30.376,82.02,0.3785497698670023,0
31.231,78.211,0.12223877188751801,0
31.26,78.255,0.12360774677301305,0
30.746,78.987,0.6489862765612415,0
30.976,79.46,0.18597364927592072,0
30.904,79.747,0.8608086784853408,0
30.901,79.746,0.9559682436172849,0
30.901,79.754,0.3127559728683145,0
30.565,80.179,0.5965933491348808,0
30.446,80.387,0.7279196078873984,0
30.392,80.532,0.41995314965923775,0
30.402,80.784,0.5512588099278863,0
30.347,80.886,0.0433715188215551,0
30.424,81.33,0.07009434015964013,0
30.417,81.427,0.01596520130696889,0
30.405,81.427,0.017374466152240312,0
30.378,81.421,0.005031592203172524,0
30.364,81.376,0.042193782882635686,0
30.343,81.413,0.04360838169148839,0
30.322,81.376,0.2166309044247297,0
30.319,81.445,0.3875596074000824,0
30.312,81.409,0.20197728960346678,0
30.302,81.399,0.08501808764062102,0
30.297,81.388,0.03976179186910516,0
30.266,81.349,0.20175462926034507,0
30.233,81.35,0.14854700192584563,0
30.254,81.689,0.0022223434289789542,0
30.378,81.574,0.03459654171224233,0
30.328,81.512,0.002355422572624935,0
30.284,81.574,0.0011838567783548778,0
30.162,81.748,0.26048092848616844,0
30.14,81.685,0.2603575498573249,0
30.346,81.861,0.11075058045741333,0
30.345,81.831,0.31980512449893417,0
30.338,81.913,0.40614578712288757,0
30.336,81.92,0.40803583181878933,0
30.324,81.833,0.3005109180155328,0
30.313,81.876,0.12463309251111494,0
30.307,81.866,0.13415630370604126,0
30.216,81.802,0.09512981599571714,0
30.214,81.758,0.28393647669501254,0
30.204,81.878,0.21864515210655638,0
30.129,81.781,0.3748871745751573,0
30.059,81.955,0.137377177425646,0
30.057,81.941,0.6099488495137461,0
29.921,81.031,0.36351041962548414,0
29.936,81.674,0.2910951946575378,0
29.898,81.747,0.04947588074343816,0
29.898,81.578,0.950058084369464,0
29.773,81.527,0.7630953459573205,0
29.648,81.556,0.03683936385187025,0
29.61,81.544,0.08041218023661142,0
30.149,82.161,0.3083118258219007,0
30.067,82.127,0.67655875254128,0
29.993,82.197,0.6192879437122095,0
29.971,82.25,0.13411945221959407,0
29.935,82.208,0.3293921711611588,0
29.929,82.207,0.3335567225964416,0
29.928,82.235,0.45625194811335873,0
29.702,82.245,0.6527875562560297,0
29.675,82.193,0.33175410162146585,0
29.669,82.222,0.04385522229700126,0
29.668,82.194,0.053788996332395596,0
29.666,82.203,0.053076115194504156,0
29.654,82.223,0.04538606352211087,0
29.116,82.236,0.08320981318984781,0
29.084,82.186,0.03398053437735936,0
29.878,82.383,0.6581732942822511,0
29.754,82.415,0.23239359941519144,0
29.714,82.25,0.6598525468159514,0
29.698,82.373,0.6909782003681832,0
29.432,82.361,0.05724733560991252,0
29.408,82.43,0.1218480628180442,0
29.391,82.394,0.09976731514422034,0
29.387,82.416,0.11598855288920083,0
29.384,82.424,0.11809249230007457,0
29.382,82.41,0.14572688172551718,0
29.309,82.474,0.04132532104962452,0
29.119,82.256,0.09652280967738737,0
29.893,82.514,0.007699758454786696,0
29.822,82.712,0.6267499542928844,0
29.798,82.671,0.5725372440438053,0
29.743,82.705,0.34687357627975973,0
29.723,82.644,0.5657847964030596,0
29.696,82.561,0.09235759507769599,0
29.297,82.705,0.22175377585294667,0
29.27,82.59,0.7933229874741577,0
29.249,82.564,0.5801960424276942,0
29.194,82.546,0.0964961742873165,0
29.185,82.563,0.11042275709766917,0
28.819,82.867,0.04560197931188219,0
28.79,82.981,0.1749874369141544,0
29.108,83.026,0.3149967286949009,0
29.377,83.39,0.01805324104650822,0
29.218,83.702,0.11116034941469584,0
29.201,83.684,0.24792735919538866,0
29.175,83.748,0.07757705575643759,0
29.117,83.738,0.31216755799508317,0
29.046,83.674,0.3019760721459727,0
28.993,83.173,0.22589367092491283,0
28.959,83.187,0.4705319766893932,0
28.787,83.33,0.6451573893426139,0
28.886,83.527,0.19861016797627298,0
28.726,83.89,0.33208510473113123,0
28.712,83.92,0.017955777647903473,0
28.691,83.852,0.46854306764661724,0
28.826,84.15,0.13250172698170062,0
28.663,84.472,0.6966119757361834,0
28.657,84.458,0.7140426399013067,0
28.497,84.256,0.5055971349423386,0
28.488,84.486,0.7956520837784495,0
28.596,84.629,0.915060202057302,0
28.372,84.579,0.048394144413893454,0
28.617,84.912,0.49583504573637943,0
28.505,84.802,0.061379039403887045,0
28.38,84.78,0.06266992752907483,0
28.961,85.084,0.015362599762069593,0
28.585,85.022,0.3746552812829061,0
28.292,85.17,0.5018382956184375,0
28.676,85.41,0.1182880761387727,0
28.644,85.491,0.528754323897719,0
28.642,85.474,0.21826262942995214,0
28.568,85.457,0.783070093531315,0
28.566,85.464,0.7879496035599213,0
28.559,85.333,0.7130125554478269,0
28.508,85.494,0.31718668671192735,0
28.124,85.469,0.5788055840601855,0
28.083,85.413,0.06950475257119411,0
28.08,85.407,0.07326595934904216,0
28.061,85.389,0.13087402000463758,0
28.623,85.51,0.4133139134671573,0
28.616,85.527,0.4186404614751538,0
28.58,85.596,0.37705775704612515,0
28.575,85.583,0.37465677729853886,0
28.573,85.659,0.0005094494630904321,0
28.562,85.602,0.4879405599741938,0
28.548,85.616,0.43934219940748986,0
28.532,85.609,0.9038921758372056,0
28.527,85.638,0.4846019669564627,0
28.494,85.636,0.4847655714601886,0
28.485,85.736,0.3039822667177412,0
28.468,85.519,0.7618071184943356,0
28.46,85.684,0.24686023131529503,0
28.426,85.564,0.6044616606926947,0
28.405,85.588,0.3787286154227966,0
28.404,85.605,0.41708303999869273,0
28.358,85.538,0.39064043613137833,0
28.163,85.63,0.18619124545821547,0
28.442,85.78,0.23254900920453983,0
28.371,85.89,0.0726982729775182,0
28.36,85.871,0.1899920422508142,0
28.329,85.869,0.07819617124132129,0
28.323,85.908,0.4349063713690981,0
28.322,85.838,0.11057086951321855,0
28.321,85.93,0.35758372347813383,0
28.313,85.948,0.38351082355285926,0
28.297,85.819,0.12292464752208156,0
28.293,85.83,0.479342235571806,0
28.261,85.915,0.000922426487830722,0
28.211,85.847,0.32624044397837776,0
28.182,85.923,0.045870283327979974,0
28.151,85.905,0.9371877342805945,0
28.347,86.225,0.377229836332976,0
28.335,86.192,0.1504880251528427,0
28.321,86.158,0.3253643612492391,0
28.303,86.157,0.4133272189151321,0
28.295,86.151,0.3985989921966042,0
28.294,86.131,0.47176367852232587,0
28.27,86.187,0.28625718678716694,0
28.253,86.103,0.46603853273623574,0
28.249,86.15,0.36200786389336337,0
28.243,86.196,0.33268179184184016,0
28.183,86.226,0.39523073875707815,0
28.067,86.066,0.6768106080177384,0
28.392,86.415,0.3427530147634141,0
28.381,86.384,0.1977198218072618,0
28.374,86.305,0.2583993424015792,0
28.374,86.259,0.2965387285485168,0
28.348,86.493,0.34971362879962037,0
28.199,86.582,0.33862020055074127,0
28.24,86.365,0.2721895867214918,0
28.194,86.314,0.4069289759621189,0
28.193,86.351,0.4392175589541687,0
28.033,86.5,0.10320190363593257,0
28.887,86.514,0.010159905855454137,0
28.84,86.575,0.016546288691899242,0
28.815,86.529,0.0027100571825191353,0
28.321,86.511,0.3738718030500445,0
28.283,86.502,0.9174714991883463,0
28.207,86.629,0.32409684565674507,0
28.185,86.532,0.5594995655594094,0
28.151,86.535,0.3560250436351096,0
28.135,86.531,0.5220178475410654,0
28.073,86.52,0.023489159944811187,0
28.044,86.514,0.07897137390155042,0
28.038,86.71,0.183970264382119,0
28.026,86.682,0.36486218806521103,0
28.017,86.721,0.1699434678176866,0
28.006,86.682,0.5210541290257993,0
28.112,86.863,0.8871138670393831,0
28.274,87.15,0.039794707109547474,0
28.27,87.246,0.0006813081592975099,0
28.226,87.053,0.14156954414029047,0
28.208,87.101,0.024438071580255585,0
28.205,87.052,0.02619844544704305,0
28.166,87.122,0.04540588842428738,0
28.159,87.143,0.00035789445778621105,0
28.152,87.158,0.0003652529930561316,0
28.152,87.174,0.00040501088997648967,0
28.142,87.105,0.17909380291959423,0
28.142,87.112,0.1795547633923254,0
28.13,87.082,0.15852224346474286,0
28.111,87.065,0.16924901654392113,0
28.069,87.134,0.3538704549838314,0
28.068,87.047,0.16535174045361473,0
28.065,87.193,0.33481694201792933,0
28.039,87.167,0.512296413009573,0
28.032,87.19,0.05918916788615574,0
28.007,87.028,0.36192054776352145,0
28.005,87.142,0.663988766551785,0
28.775,87.437,0.018779942033270002,0
28.76,87.417,0.0013676349209326153,0
28.754,87.427,0.00039972683685198673,0
28.75,87.455,0.00029254374531066505,0
28.742,87.382,0.001116078554673721,0
28.737,87.479,0.000442172850140733,0
28.735,87.44,0.0003437355745036329,0
28.734,87.406,0.0009559366187687792,0
28.728,87.478,0.012685546700105826,0
28.393,86.379,0.21542234028584525,0
28.213,87.47,0.024756168713614298,0
28.172,87.479,0.3132092750303312,0
28.165,87.418,0.11737970787858608,0
28.161,87.487,0.2590278412491873,0
28.16,87.443,0.06757627524342125,0
28.148,87.469,0.24815892062121292,0
28.137,87.428,0.43160324010655116,0
28.064,87.354,0.029963477941099118,0
28.023,87.27,0.026209424564601617,0
28.016,87.259,0.02282626733881818,0
28.012,87.297,0.3851922070914785,0
28.858,86.519,0.010692285002887212,0
28.841,87.509,0.004289749433890994,0
28.832,86.522,0.00016077669823868218,0
28.773,87.553,0.0007169985905162032,0
28.747,87.625,0.0038161653984284775,0
28.712,87.548,0.00039089557172855934,0
28.694,87.534,0.025127053669895438,0
28.268,87.634,0.15277379020516357,0
28.236,87.501,0.20152400273778845,0
28.23,87.591,0.04729940762456996,0
28.228,87.578,0.07613839121723186,0
28.206,87.56,0.15946685314857598,0
28.195,87.641,0.3568730138961084,0
28.178,87.563,0.13099717420625717,0
28.167,87.623,0.18643159232042372,0
28.164,87.578,0.03372309702015526,0
28.155,87.612,0.2998266850470611,0
28.131,87.599,0.08975192613744905,0
28.118,87.615,0.08464833103216335,0
28.116,87.586,0.075022732328002,0
28.114,87.655,0.08612232998111641,0
28.107,87.584,0.11015582026131397,0
28.093,87.637,0.2660358684612403,0
28.052,87.627,0.33846621497095186,0
27.947,86.446,0.10563601836534012,0
27.929,86.433,0.0004331029374779403,0
27.927,86.42,0.0015517521952693747,0
27.917,86.465,0.02220433638812645,0
27.916,86.477,0.1630381787893517,0
27.861,86.476,0.5866647015820219,0
27.85,86.356,0.0971328393804572,0
27.975,86.681,0.2925798341157989,0
27.951,86.69,0.3325490080936786,0
27.941,86.699,0.40838989639400725,0
27.791,86.621,0.10841082640532147,0
27.779,86.612,0.21062519876543404,0
27.778,86.643,0.3488033682990155,0
27.997,86.835,0.16463617635006386,0
27.975,86.804,0.8069531856527941,0
27.924,86.786,0.47076778138767256,0
27.898,86.925,0.4358069519244468,0
27.894,86.913,0.13501455686723365,0
27.857,86.937,0.03202006237204766,0
27.85,86.928,0.2696818369250312,0
27.837,86.935,0.4732910202767255,0
27.832,86.917,0.4149787559104485,0
27.805,86.974,0.0010652862813218175,0
27.799,86.966,0.0006049989337241205,0
27.794,86.911,0.2981599989598456,0
27.793,86.838,0.1021850592887875,0
27.783,86.957,0.003909006103092561,0
27.766,86.871,0.9035677629767441,0
27.755,86.958,0.25038596306318694,0
27.719,86.91,0.5922657204067865,0
27.696,86.792,0.4848436820508032,0
27.687,86.858,0.40418880104793437,0
27.681,86.853,0.099639675727183,0
27.959,87.247,0.012906376321758992,0
27.906,87.188,0.06535187771078599,0
27.844,87.081,0.5416155118762795,0
27.829,87.095,0.30182637923943983,0
27.798,87.092,0.0004178267557871081,0
27.691,87.206,0.13637528775960445,0
27.983,87.345,0.2003339533910207,0
27.948,87.349,0.15662790604692184,0
27.932,87.293,0.055142446401972744,0
27.918,87.306,0.05173706936555546,0
27.837,87.341,0.004205055042932263,0
27.997,87.522,0.03221407198190064,0
27.986,87.583,0.01244464876668136,0
27.979,87.557,0.015931024895778734,0
27.9,87.699,0.34663235085168814,0
27.864,87.737,0.014305668218570345,0
27.816,87.749,0.6108811267234021,0
27.681,87.694,0.09110504604762835,0
27.681,87.517,0.007412804898164564,0
27.651,87.703,0.015161839812001057,0
27.645,87.573,0.007801610798092951,0
27.639,87.633,0.04348333645877467,0
27.63,87.696,0.02318718287718306,0
27.629,87.706,0.018707404769440973,0
27.62,87.712,0.0013277898113250293,0
27.617,87.543,0.02646487476839516,0
27.969,87.884,0.11524245358273365,0
27.964,87.814,0.22076851224520053,0
27.952,87.908,0.44675662649755504,0
27.95,87.93,0.4648990211343916,0
27.928,88.002,0.3632680589936239,0
27.926,87.771,0.5360476805594959,0
27.881,87.805,0.6954202669404503,0
27.869,87.866,0.5745183801581298,0
27.849,87.831,0.08350796263370201,0
27.793,87.974,0.4372109022449443,0
27.79,87.934,0.4892968202273772,0
27.757,87.777,0.06150055833702095,0
27.745,87.782,0.055715684583604284,0
27.738,87.778,0.061772297603406356,0
28.004,88.241,0.3907398941481583,0
28.054,88.427,0.0035360027486743303,0
28.033,88.461,0.003953183280101405,0
28.022,88.355,0.45301443673435304,0
28.017,88.288,0.4453923489202294,0
28.009,88.259,0.3955973534537819,0
28.005,88.32,0.5549028447558993,0
27.988,88.221,0.3638780261942951,0
27.946,88.075,0.20338093006459773,0
27.943,88.041,0.17600047058696028,0
27.933,88.066,0.1850117453262098,0
27.928,88.019,0.24974912404184024,0
27.835,88.078,0.06193166696143766,0
27.545,88.05,0.4597255486871233,0
27.994,88.402,0.4908519626145483,0
30.478,82.173,0.0076794520302568515,0
30.468,82.06,0.00731610860757119,0
30.461,82.108,0.0071106038574074585,0
30.431,82.181,0.02086655282497782,0
30.413,82.171,0.0005378849766799333,0
30.398,82.192,0.00038782887894828444,0
30.366,82.156,0.008295223215038491,0
30.362,82.055,0.3654993638684983,0
30.352,82.238,0.0015576151938037068,0
30.34,82.141,0.21703220300438497,0
30.282,82.169,0.3911708464124222,0
30.255,82.209,0.14495541001365944,0
30.221,82.232,0.23848808090401938,0
30.432,82.362,0.000648798520599239,0
30.419,82.302,0.0009898325099039526,0
30.407,82.355,0.02900491947740519,0
30.406,82.256,0.0013803636165252765,0
30.371,82.273,0.023040801815028975,0
30.342,82.271,0.019216229526370032,0
30.329,82.27,0.028470177539073716,0
30.318,82.272,0.0011554267365226118,0
30.311,82.259,0.0011110698615873547,0
30.217,82.486,0.04774034469906829,0
30.106,82.404,0.0011844591263965283,0
30.103,82.27,0.2801730596458928,0
30.079,82.343,0.6683699733204208,0
30.832,82.526,0.0015800928589020406,0
30.807,82.75,0.1600726910656297,0
30.608,82.652,0.0017544672272747036,0
30.257,82.589,0.046318882452420176,0
30.881,82.859,0.00041667283458875806,0
30.811,82.754,0.1592322313623951,0
30.654,82.88,0.0015192225227473677,0
30.572,82.906,0.2528649848785515,0
30.563,82.921,0.23722385931395099,0
30.551,82.958,0.14916388915506743,0
30.116,82.756,0.01549088539913485,0
29.984,82.479,0.2249077368870942,0
29.969,82.496,0.11570461393845473,0
29.985,82.535,0.010807855433710213,0
29.98,82.567,0.0077532710561220575,0
29.98,82.589,0.08800961054840288,0
29.962,82.508,0.09867743023234167,0
29.94,82.603,0.6333062167820753,0
29.924,82.618,0.607869401391464,0
29.84,82.782,0.2679580714442493,0
29.796,82.853,0.38514820037137165,0
29.762,82.885,0.46534647870915846,0
29.735,82.974,0.34512450165125386,0
29.688,82.984,0.28613583054132585,0
30.538,83.044,0.007327203120060682,0
30.529,83.073,0.013416936208947417,0
30.751,83.327,0.3034901532576418,0
30.58,83.365,0.24041949754201625,0
30.591,83.519,0.0069779873204551274,0
30.563,83.518,0.012912676507815976,0
30.551,83.512,0.0012175866534696383,0
30.669,83.764,0.023827873906454224,0
30.662,83.763,0.000417660069407947,0
30.617,83.754,0.0007150064515460227,0
30.612,83.764,0.018773327642747733,0
30.5,83.963,0.0008158267002903971,0
30.492,83.842,0.1131513726572734,0
30.48,83.908,0.04302347063358888,0
30.465,83.984,0.001028823102133819,0
30.461,83.898,0.007141707201751065,0
30.461,83.973,0.0010320473304946207,0
30.431,83.996,0.001261383548953765,0
29.731,83.073,0.0011583879717932655,0
29.726,83.105,0.0010661131416685751,0
29.693,83.025,0.21091400337165145,0
29.689,83.19,0.02220684216534534,0
29.686,83.097,0.003113028618743861,0
29.674,83.182,0.024694871216072577,0
29.655,83.106,0.10867603379065784,0
29.632,83.151,0.19610774808375336,0
29.627,83.131,0.03448771357910526,0
29.604,83.376,0.019828615287815543,0
29.582,83.355,0.0020730204053337987,0
29.511,83.444,0.02557146977798703,0
29.499,83.428,0.021024968778053148,0
29.322,83.646,0.0006364464898804092,0
29.268,83.618,0.005481923590996729,0
30.58,84.068,0.2703240469208186,0
30.391,84.096,7.625943737115636e-05,0
30.457,83.861,0.11775578376234397,0
30.453,83.846,0.14060654634401135,0
29.47,83.764,0.03811806691218256,0
29.887,84.537,0.3000424212327568,0
29.122,84.744,0.0011528957292675135,0
29.076,84.839,0.007267111972421646,0
28.928,84.3,0.3883368332262106,0
28.909,84.348,0.08694408955843881,0
28.908,84.508,0.29141484271345597,0
29.162,87.38,0.0016727052076682682,0
29.642,87.925,0.00036240297685020126,0
29.584,87.916,0.0051513135506349094,0
28.847,87.568,0.0038848112224860796,0
28.832,87.56,0.0037861889562799574,0
28.804,87.625,0.3206883237792623,0
28.799,87.603,0.289332786374946,0
28.796,87.641,0.08756555010368058,0
29.754,88.24,0.009025315830250385,0
29.722,88.236,0.005301870013821566,0
29.631,88.007,0.030658192477597983,0
29.5,88.95,0.02208028978049537,0
29.563,89.354,0.023135792478896224,0
29.887,89.592,0.006644024811456948,0
29.873,89.596,0.007350759064658555,0
29.843,89.718,0.0005891564444246525,0
29.509,89.882,0.0039024086565587336,0
29.495,89.831,0.010099736056480863,0
29.489,89.867,0.0035647655902291612,0
29.477,89.932,0.09648325214933276,0
29.912,90.063,0.15523177330057852,0
29.873,90.008,0.43194765360031856,0
29.818,90.183,0.018152630426114133,0
29.773,90.151,0.008728440058714575,0
29.504,90.439,0.002398219360434864,0
29.484,90.436,0.00024628907561072646,0
29.475,90.414,0.0002455684923745747,0
29.437,90.495,0.011453094468345524,0
30.04,84.926,0.25911911652791675,0
29.866,84.624,0.26699689572826907,0
29.856,84.632,0.0895120075482112,0
29.845,84.676,0.3278929216787265,0
29.818,84.691,0.2740004117424425,0
29.751,84.672,0.2772451626650856,0
29.728,85.211,0.0022358767260609964,0
29.74,85.314,0.007185561290792704,0
29.733,85.783,0.036316736022911696,0
29.558,85.88,0.000937861378349962,0
29.935,86.422,0.0026088444031587225,0
29.672,86.38,0.008668650110657575,0
29.556,87.028,0.010084771743986776,0
29.514,87.108,0.018784223291040524,0
30.251,87.428,0.0020639704605519846,0
30.088,87.697,0.010529632219990261,0
29.824,87.016,0.034562728637829304,0
30.168,88.62,0.0001455931999955863,0
30.148,88.627,0.0038094435137614605,0
30.105,88.618,0.06920954381340842,0
29.899,89.639,0.01296458528973901,0
29.894,89.62,0.009511401049803064,0
29.877,89.544,0.014719887640424565,0
29.85,89.534,0.0021271957653726113,0
29.835,89.547,0.0018308029945085908,0
28.006,88.494,0.552245782428923,0
28.059,88.631,0.0005979787142076003,0
28.026,88.71,0.2254342338089552,0
28.014,88.652,0.042183506132652426,0
28.014,88.561,0.053249731988417176,0
28.008,88.698,0.2593647724321554,0
28.007,88.571,0.28610981302566674,0
28.006,88.713,0.3759021040000659,0
28.002,88.639,0.006893036852118608,0
28.011,88.756,0.1235351521329172,0
27.92,88.159,0.32038620511326804,0
27.893,88.191,0.20550102747368681,0
27.852,88.24,0.4399053089121304,0
27.563,88.123,0.6659266635677291,0
27.533,88.086,0.6077650603828013,0
27.437,88.083,0.0028061894901701178,0
27.976,88.418,0.48973756168894617,0
27.974,88.422,0.502367656030065,0
27.969,88.43,0.5841712404356743,0
27.951,88.355,0.08919060126319085,0
27.949,88.305,0.08301021685607017,0
27.947,88.332,0.08362883644620098,0
27.881,88.25,0.33337965437384637,0
27.822,88.249,0.30763972687305186,0
27.817,88.261,0.33925090605728686,0
27.759,88.484,0.15157938348475872,0
27.723,88.453,0.4127947628874147,0
27.678,88.376,0.8567976731344842,0
27.992,88.545,0.5077462202720873,0
27.991,88.602,0.07711622788166894,0
27.988,88.736,0.43147079329025506,0
27.982,88.508,0.5457167880559525,0
27.975,88.616,0.16950687145669166,0
27.971,88.593,0.19076370079410046,0
27.962,88.743,0.14574877282738058,0
27.961,88.65,0.605439794213898,0
27.957,88.714,0.4904606015058726,0
27.864,88.747,0.5276365735346717,0
27.816,88.657,0.2909467759797046,0
27.723,88.69,0.2370636256204183,0
27.695,88.716,0.3667958564454676,0
27.671,88.513,0.045639597908475694,0
27.668,88.687,0.07175577912606391,0
27.662,88.69,0.03505488386325705,0
27.466,88.751,0.017981421679541053,0
27.99,88.816,0.19214720014739695,0
27.969,88.797,0.2267726585015694,0
27.963,88.797,0.2298076118564144,0
27.936,88.784,0.22535212002859442,0
27.895,88.761,0.48569581287897123,0
27.873,88.789,0.5658964717160903,0
27.864,88.863,0.6907320393867121,0
27.854,88.806,0.17231385002944177,0
27.73,88.833,0.32736016807664076,0
27.477,88.776,0.007620811333966857,0
27.442,88.752,0.017898645579563027,0
27.375,88.763,0.06401182047000298,0
27.368,88.826,0.003958843086924942,0
27.346,88.819,0.00941757101899884,0
28.805,89.155,0.22514273023659517,0
28.327,89.43,0.1448333087569587,0
28.144,89.396,0.003624438034076336,0
28.136,89.402,0.00857621726097372,0
28.087,89.481,0.6494708936583954,0
28.025,89.428,0.030038069489838774,0
28.241,89.695,0.01198006226332997,0
28.228,89.638,0.006729512453671996,0
28.203,89.713,0.5684216673089698,0
28.186,89.598,0.678590088778393,0
28.185,89.661,0.05043569362135066,0
28.181,89.535,0.011862600719336936,0
28.15,89.564,0.7019113723214134,0
28.137,89.534,0.38339377469357533,0
28.123,89.514,0.468539897538906,0
28.279,89.994,0.9336762018852716,0
28.248,89.851,0.5527797320661627,0
28.238,89.963,0.36417093189377714,0
28.23,89.887,0.4667741803890278,0
28.378,90.095,0.07727044143952665,0
28.354,90.098,0.08413971927225088,0
28.264,90.068,0.09212932890463911,0
28.236,90.104,0.12686489930901906,0
27.992,89.424,0.2208287093429429,0
27.969,89.379,0.002502555513649606,0
27.963,89.413,0.0025462728947433294,0
27.959,89.397,0.0025517128459859283,0
27.941,89.389,0.0024726262715675106,0
27.884,89.351,0.1120864316488731,0
27.881,89.325,0.1640439607831457,0
27.878,89.296,0.10222838254078424,0
27.878,89.312,0.21014495870233427,0
27.855,89.267,0.0032654172104149026,0
27.9,88.93,0.3817761656757209,0
27.854,88.945,0.022370922946236396,0
27.844,88.94,0.02275080723237856,0
27.654,88.858,0.04146298721011021,0
27.636,88.817,0.21923381852023024,0
27.616,88.881,0.12008443548249594,0
27.612,88.904,0.1809995476772215,0
27.599,88.858,0.13841095470567455,0
27.496,88.791,0.2405452791597535,0
27.465,88.818,0.004920734897008032,0
27.464,88.829,0.006921896568449153,0
27.42,88.812,0.0016688238080410373,0
27.274,88.944,0.39323319524076283,0
27.809,89.23,0.25532276176055896,0
27.536,89.168,0.004577662243850321,0
27.506,89.079,0.002413324214236318,0
27.499,89.066,0.002398289455941813,0
27.498,89.093,0.0012437671048549793,0
27.492,89.149,0.003883175790191815,0
27.402,89.156,0.06976057683385291,0
27.325,89.14,0.28566209533070064,0
27.803,89.35,0.7973683128779142,0
27.766,89.369,0.005636249925080894,0
27.687,89.408,0.6320985026366058,0
27.644,89.462,0.03716121751713214,0
27.584,89.487,0.05906559021712449,0
27.569,89.378,0.010277304470903496,0
27.583,89.499,0.0022021893703267352,0
27.574,89.525,0.021174695221950184,0
27.568,89.524,0.010524254363611655,0
27.557,89.565,0.0037467381805965927,0
27.267,89.706,0.001334385519123355,0
27.33,88.846,0.005264501591028681,0
28.171,89.684,0.7447799528920606,0
28.139,89.742,0.07446028236858492,0
28.042,89.627,0.2417415143778021,0
28.172,89.848,0.7650565944081201,0
28.145,89.841,0.11697466767199043,0
28.114,89.909,0.6367799516319883,0
28.105,89.898,0.8312864802231898,0
28.03,89.893,0.3611611687568585,0
28.011,89.884,0.609882038167125,0
28.007,89.863,0.22946558728322228,0
28.005,89.956,0.2968027951062943,0
28.112,90.028,0.7043343066239887,0
28.107,90.247,0.7025518478654058,0
28.102,90.231,0.7145172366427308,0
28.066,90.231,0.0027768987309409582,0
28.022,90.179,0.1467232937913054,0
28.016,90.21,0.021388572979645457,0
28.011,90.187,0.02083834858149885,0
28.007,90.106,0.19493798294317569,0
28.003,90.15,0.0861554544530152,0
28.002,90.139,0.3631348360980924,0
28.028,90.271,0.44711081136030595,0
28.012,90.28,0.5009270145426054,0
27.839,89.389,0.5407627859194484,0
27.97,89.612,0.0019488808210134307,0
27.948,89.649,0.03761167526862738,0
27.922,89.636,0.14853161925093916,0
27.911,89.651,0.02025721065191189,0
27.84,89.6,0.005056928582940076,0
27.266,89.726,0.001989736646884061,0
27.26,89.73,0.023013719543746435,0
27.988,89.892,0.563133614886052,0
27.982,89.896,0.5581186233731048,0
27.974,89.896,0.5604347716476847,0
27.973,89.93,0.23911652315846457,0
27.94,89.93,0.7377920224507524,0
27.94,89.906,0.28504039114695284,0
27.928,89.9,0.05622931330902194,0
27.92,89.81,0.12235828398015444,0
27.903,89.898,0.002141702267012031,0
27.896,89.885,0.0028572212260914763,0
27.894,89.944,0.07756946424867125,0
27.87,89.843,0.010248422106826627,0
27.864,89.926,0.002352290569994176,0
27.859,89.969,0.012452334547501498,0
27.843,89.91,0.01566774389207126,0
27.833,89.96,0.004108792160243808,0
27.829,89.944,0.05538192528540174,0
27.815,89.939,0.0031348498762051153,0
27.997,90.233,0.17672385294039775,0
27.995,90.222,0.1893662778499915,0
27.991,90.216,0.1893662778499915,0
27.988,90.131,0.40360649873589255,0
27.985,90.149,0.30547881557461026,0
27.982,90.245,0.5546991022762896,0
27.977,90.233,0.563578026796531,0
27.964,90.147,0.06304740705337053,0
27.941,90.19,0.09152150596453888,0
27.931,90.209,0.05281213467081905,0
27.931,90.09,0.04779457552934931,0
27.92,90.075,0.053256358386899974,0
27.915,90.244,0.5084635169104911,0
27.901,90.173,0.02493387803174968,0
27.894,90.18,0.020092731082981395,0
27.893,90.219,0.4786254847928994,0
27.877,90.185,0.14623086459836185,0
27.875,90.207,0.5177578127321756,0
27.857,90.191,0.17259386087973305,0
27.85,90.191,0.028404075260581987,0
27.85,90.213,0.044117146808452516,0
27.848,90.246,0.08207841604157858,0
27.836,90.186,0.03792083882706738,0
27.829,90.157,0.06701402011450773,0
27.827,90.222,0.05309100320819208,0
27.802,90.239,0.04304481300238617,0
27.8,90.231,0.04330359804950474,0
27.793,90.2,0.0715945832411763,0
27.761,90.172,0.01610421916856129,0
27.757,90.196,0.037520456609633816,0
27.753,90.164,0.014447333777189906,0
27.74,90.187,0.0810869573027572,0
27.738,90.16,0.03749420980463495,0
27.996,90.288,0.43645728200942513,0
27.995,90.261,0.5056763352832829,0
27.992,90.299,0.42953644944681835,0
27.964,90.259,0.4619671641985888,0
27.952,90.255,0.4623910160652611,0
27.925,90.259,0.552312384421919,0
27.919,90.262,0.5453321872621889,0
30.075,90.157,0.26947186297177017,0
30.366,90.457,0.3110008078297514,0
30.351,90.498,0.3051026548647091,0
30.473,90.702,0.2922843718955352,0
30.467,90.708,0.2873240108517372,0
30.451,90.651,0.08492579224513798,0
30.446,90.649,0.08758687184576626,0
30.518,90.828,0.0035593371972365995,0
30.502,90.912,0.005665690201697494,0
30.499,90.947,0.0006798065394053028,0
30.479,90.966,0.0007184716908285385,0
29.791,90.246,0.01040670069069015,0
29.615,90.605,0.010789147962190077,0
29.603,90.657,0.001454402108736995,0
30.209,91.966,0.0030846201651623323,0
30.187,91.988,0.01444694835856297,0
30.177,91.995,0.017260629007728408,0
29.556,91.638,0.0013704098687899208,0
31.102,92.699,0.01981086751615977,0
31.086,92.724,0.06025702820209042,0
31.154,92.817,0.05490249143722605,0
31.138,92.998,0.038666233831646114,0
31.12,92.833,0.0007038001038751661,0
31.112,92.815,0.0002946238081685732,0
31.109,92.952,0.011595291266066936,0
31.052,92.961,0.00675373339889592,0
31.051,92.812,0.04089677344456304,0
31.036,92.787,0.029026658080778672,0
30.192,92.009,0.01349793457971611,0
30.17,92.002,0.018877977831676843,0
30.199,92.413,0.010731021472940519,0
30.081,92.39,0.03579176392982276,0
30.078,92.406,0.04872481448164475,0
30.754,92.745,0.0028471901484865923,0
30.507,92.735,0.010236038064605671,0
30.494,92.646,0.010822212906078507,0
30.438,92.679,0.028158072999219224,0
30.381,92.743,0.011886951529200742,0
30.35,92.735,0.016171757920528006,0
30.292,92.682,0.025031430454040014,0
30.288,92.511,0.004453166413227163,0
30.256,92.596,0.14061311491397985,0
30.253,92.503,0.0022255344916959417,0
30.237,92.549,0.0007460463312108955,0
30.231,92.563,0.000761379434781036,0
30.218,92.536,0.0026735451580311006,0
30.217,92.569,0.004087667278418587,0
30.216,92.517,0.0026997628598032664,0
30.21,92.573,0.003932726111495577,0
30.189,92.541,0.0012912946019947944,0
30.999,92.99,0.004877585863262921,0
30.996,92.832,0.001479172609099637,0
30.988,92.889,0.05115227079370427,0
30.976,92.941,0.00028390775736394426,0
30.957,92.825,0.00426076999709254,0
30.956,92.867,0.017355929736991033,0
30.949,92.89,0.006071494271699485,0
30.935,92.828,0.001686130130585158,0
30.934,92.775,0.008752000097216411,0
30.906,92.817,0.005202303679239716,0
30.896,92.91,0.0011690970367432085,0
30.894,92.951,0.0017463595595834853,0
30.893,92.86,0.0026642453730058133,0
30.879,92.881,0.02863401817091406,0
30.878,92.86,0.025039097904275696,0
30.739,92.775,0.07270322616984252,0
30.736,92.875,0.005998611780269838,0
29.989,92.191,0.01477294970169303,0
29.928,92.068,0.007114178582998753,0
29.866,92.208,0.002261214262300811,0
29.83,92.242,0.017248397504202904,0
29.57,92.043,0.021160292980720512,0
29.808,92.395,0.011812869014700156,0
29.796,92.413,0.013542386236961744,0
29.795,92.389,0.005663279257092694,0
29.779,92.388,0.014567683504293464,0
29.778,92.457,0.0028225946532063413,0
29.77,92.442,0.028205147043984156,0
29.734,92.387,0.0018628198406357961,0
29.667,92.394,0.021740912337534276,0
29.639,92.253,0.022223248762909913,0
29.619,92.327,0.057594851826219366,0
31.148,93.097,0.0376457672503849,0
31.147,93.119,0.002530035867852069,0
31.132,93.177,0.0005797697779288773,0
31.103,93.144,0.016069286243958453,0
31.081,93.163,0.0023406273489893496,0
31.078,93.05,0.059964320239832405,0
31.004,93.088,0.011567530302853913,0
31.065,93.292,0.005356301571004859,0
31.054,93.301,0.0055509274733263215,0
30.909,93.016,0.001120836355804798,0
30.903,93.018,0.0011225911157980602,0
28.928,90.223,0.19572123113972345,0
28.257,90.192,0.22096131861796936,0
28.245,90.185,0.21988485698313695,0
28.265,90.276,0.21202343216127484,0
28.454,90.622,0.39817231416407006,0
28.592,91.115,0.007934752544895425,0
28.587,91.155,0.025804716099698394,0
28.546,91.525,0.05694659933920008,0
28.538,91.597,0.004231471418748468,0
28.53,91.562,0.055184333555597556,0
28.238,90.496,0.18353271700581683,0
28.204,90.384,0.1631651273486026,0
28.333,90.674,0.698963003193207,0
28.303,90.741,0.09568342645389435,0
28.3,90.647,0.28418297389165437,0
28.299,90.607,0.35332394838412917,0
28.273,90.736,0.3245641562359503,0
28.272,90.589,0.22091377893888456,0
28.247,90.712,0.4252347602026042,0
28.244,90.743,0.43762680776946883,0
28.241,90.724,0.43868359957353803,0
28.241,90.506,0.2898223251473392,0
28.129,90.604,0.41865611405303427,0
28.123,90.566,0.450389972526525,0
28.096,90.738,0.36968596851334745,0
28.086,90.605,0.42676895742578463,0
28.081,90.652,0.21291938833211876,0
28.078,90.743,0.22878186389369506,0
28.078,90.661,0.5126667163381572,0
28.078,90.584,0.46049704708413564,0
28.071,90.656,0.6416459915725949,0
28.064,90.648,0.5362188021657059,0
28.059,90.602,0.5587749645908381,0
28.049,90.597,0.5243929909542354,0
28.353,90.851,0.00802433614367488,0
28.307,90.852,0.23530069187108532,0
28.281,90.75,0.2563758900018453,0
28.086,90.787,0.28022031629695215,0
28.059,90.903,0.09861458857792242,0
28.049,90.953,0.05047571058185243,0
28.046,90.919,0.366258535645287,0
28.04,90.907,0.3705141448895413,0
28.021,90.84,0.597348029310998,0
28.018,90.843,0.6078487529078297,0
28.016,90.929,0.013216223546816423,0
28.015,90.979,0.16729441828192862,0
28.013,90.984,0.15397480979215744,0
28.003,90.905,0.011554609544712815,0
28.001,90.932,0.013372534902935777,0
28.351,91.079,0.3674419125164606,0
28.305,91.07,0.45239735963456634,0
28.075,91.234,0.08088488368340874,0
28.045,91.004,0.17862052727812833,0
28.034,91.003,0.15382079742220142,0
28.023,91.036,0.037228924223290195,0
28.013,91.044,0.02917387046983957,0
28.01,91.027,0.03773743958520564,0
28.518,91.487,0.0035080084631496497,0
28.088,91.257,0.08511202845261424,0
28.045,91.261,0.29345019165199704,0
28.043,91.294,0.20343198372592255,0
28.012,91.292,0.24142874094791808,0
28.001,91.262,0.16615728984851966,0
27.988,90.817,0.02837829764792514,0
27.984,90.827,0.040150978154114884,0
27.967,90.894,0.002650064051734735,0
27.956,90.955,0.3365208392398059,0
27.947,90.974,0.3963829897590696,0
27.939,90.945,0.38761710075078243,0
27.913,90.845,0.06462364901177735,0
27.903,90.98,0.1888323787307981,0
27.896,90.997,0.17600831979379783,0
27.891,90.966,0.08812041636141407,0
27.875,90.999,0.21480807013786232,0
27.866,90.85,0.19769341100135565,0
27.985,91.215,0.4208273603640274,0
27.956,91.056,0.22902196907140207,0
27.909,91.241,0.09240035706226095,0
27.902,91.242,0.11679556681623197,0
27.877,91.014,0.2264269605770908,0
27.803,91.24,0.0029150603914381637,0
27.996,91.287,0.1539507932090029,0
27.963,91.426,0.23088608619711093,0
27.931,91.27,0.10095117169179232,0
27.929,91.3,0.13351336327284066,0
27.914,91.26,0.28220304065670604,0
27.904,91.29,0.28475101371063616,0
27.893,91.306,0.48495325321812904,0
27.884,91.281,0.22784004508329408,0
27.843,91.271,0.04397128399525055,0
28.046,90.355,0.41473994128405195,0
28.037,90.364,0.4384867967388497,0
28.014,90.374,0.4194650677280178,0
28.014,90.353,0.37616032793477233,0
28.005,90.328,0.4392603308557801,0
28.002,90.311,0.4328182805817742,0
28.04,90.537,0.1349788824815112,0
28.038,90.546,0.49601803172600784,0
28.034,90.625,0.38989766430883016,0
28.034,90.664,0.05195500449208053,0
28.022,90.709,0.5035835154436513,0
28.006,90.572,0.525496094507825,0
28.003,90.705,0.13815786814340636,0
28.003,90.54,0.9700384113480174,0
27.99,90.418,0.5144810500484893,0
27.987,90.38,0.4424050651640592,0
27.984,90.437,0.5476202380457446,0
27.98,90.381,0.4999991779944384,0
27.97,90.331,0.46605521611123585,0
27.968,90.412,0.5022176913366962,0
27.946,90.378,0.47963751643022495,0
27.94,90.397,0.5117369523982429,0
27.931,90.295,0.4826522228102657,0
27.918,90.408,0.5356244607360559,0
27.906,90.276,0.7198024861439156,0
27.89,90.29,0.720308263441888,0
27.883,90.298,0.7019754874125107,0
27.876,90.28,0.7268858458260621,0
27.872,90.303,0.7161641842703343,0
27.861,90.295,0.548422421156202,0
27.849,90.333,0.6178120638023119,0
27.846,90.302,0.20675307528312797,0
27.819,90.272,0.08942070707093631,0
27.819,90.394,0.004754048647145594,0
27.814,90.363,0.02392682636700275,0
27.813,90.254,0.04161812783767968,0
27.81,90.406,0.005244442202565925,0
27.803,90.398,0.004322772278943451,0
27.792,90.409,0.004748319832675862,0
27.792,90.398,0.0043160368223823815,0
27.792,90.421,0.006814488166122414,0
27.781,90.442,0.051941654354482995,0
27.78,90.4,0.13158890783943067,0
27.77,90.416,0.022814946366485265,0
27.756,90.298,0.002550562707784324,0
27.749,90.293,0.0026624676471035985,0
27.738,90.296,0.007341821433061138,0
27.72,90.326,0.02077307649751481,0
27.716,90.29,0.01627634791998721,0
27.997,90.592,0.13668224692411976,0
27.987,90.505,0.13264411122883496,0
27.983,90.594,0.549129801829887,0
27.972,90.508,0.02540387622547039,0
27.944,90.743,0.21417123900089777,0
27.939,90.535,0.14396096732317584,0
27.925,90.555,0.20222396753600205,0
27.921,90.503,0.050964194585236086,0
27.919,90.537,0.1645976468305672,0
27.915,90.559,0.16143883889508612,0
27.895,90.552,0.17528515091061997,0
27.895,90.598,0.01834578142639637,0
27.884,90.712,0.0015834968692962062,0
27.881,90.566,0.2852368197992448,0
27.878,90.571,0.07158247615893927,0
27.876,90.581,0.059513478770131,0
27.861,90.591,0.04617684123043662,0
27.857,90.74,0.02450496076362158,0
27.844,90.618,0.06469952540656707,0
27.827,90.701,0.047677215553927885,0
27.805,90.577,0.05470823040740786,0
27.803,90.585,0.05951255475889694,0
27.798,90.62,0.0043269610951998825,0
27.796,90.634,0.005152288124969344,0
27.787,90.646,0.00448405534029487,0
27.765,90.625,0.1008180935623526,0
27.764,90.636,0.06783605843979491,0
27.757,90.624,0.09104615993656828,0
27.942,90.756,0.47918788821487224,0
27.907,90.812,0.3978232195723106,0
27.886,90.83,0.16959657316791735,0
27.88,90.791,0.01819470674138136,0
27.873,90.803,0.02908165326706754,0
27.867,90.816,0.04697118495092054,0
27.841,90.831,0.025137833912951022,0
27.83,90.811,0.0021203058557637032,0
27.821,90.81,0.0014433612705781146,0
27.81,90.864,0.00911140440665223,0
27.79,90.784,0.0587318909744953,0
27.784,90.811,0.09384929960398494,0
27.757,90.807,0.11108990852318272,0
27.748,90.821,0.03325626285843691,0
27.707,90.96,0.14262926263411987,0
28.037,91.452,0.6439447811983199,0
28.164,91.511,0.30764837681888313,0
28.143,91.664,0.3804191745997918,0
28.024,91.597,0.5883054760855206,0
28.014,91.676,0.23387604222776598,0
28.355,91.96,0.010414264302907568,0
28.102,91.942,0.055490445865058996,0
28.059,91.939,0.009895994996565386,0
27.916,91.45,0.13378848709571242,0
27.879,91.449,0.08928837808267681,0
27.871,91.459,0.1541555560025832,0
27.86,91.495,0.004878305806926345,0
27.996,91.511,0.4233465188548264,0
27.912,91.577,0.22853036496991272,0
27.901,91.62,0.022283011147613743,0
27.898,91.535,0.326558472231067,0
27.893,91.649,0.023699978597014143,0
27.888,91.596,0.2563123422440309,0
27.878,91.517,0.12568813891921357,0
27.877,91.717,0.011440079680707444,0
27.877,91.634,0.03962841844240493,0
27.869,91.671,0.42230019194561896,0
27.861,91.629,0.03402799689500784,0
27.854,91.5,0.0039461595707594435,0
27.851,91.604,0.06333534593104742,0
27.847,91.583,0.048268366995057786,0
27.841,91.565,0.026364201252689394,0
27.838,91.605,0.10417663847042569,0
27.834,91.553,0.027893164889850525,0
27.824,91.559,0.022119565277706282,0
27.815,91.595,0.02419590924860364,0
27.811,91.501,0.011721547294711034,0
27.809,91.549,0.044028438936059976,0
27.806,91.59,0.03981310182417237,0
27.802,91.643,0.001434937929159321,0
27.801,91.579,0.00781927871267219,0
27.798,91.593,0.01909649796004924,0
27.757,91.65,0.012719199962428325,0
27.756,91.529,0.19794767080447315,0
27.702,91.634,0.013164366055459715,0
27.992,91.952,0.2185128673160699,0
27.901,91.896,0.011882071647188939,0
27.874,91.833,0.038800557103778104,0
27.849,91.948,0.033253235117824374,0
27.841,91.892,0.03169264625900105,0
27.796,91.925,0.010813102562701807,0
27.795,91.838,0.31782100151699966,0
27.785,91.948,0.04067127494737999,0
27.746,91.87,0.0023823407601837104,0
27.734,91.871,0.0020029581187786635,0
27.698,91.903,0.019881544890115784,0
27.697,91.873,0.013018962550192444,0
27.693,91.857,0.03690069113274105,0
27.673,91.875,0.005909949155019199,0
27.625,91.803,0.16539195809451285,0
27.62,91.779,0.3789474141591605,0
28.239,92.033,0.0027104888116929546,0
28.23,92.042,0.0028096226656943624,0
28.228,92.023,0.0027747378300057145,0
28.223,92.043,0.002844944832778416,0
28.193,92.039,0.08334650622478494,0
28.068,92.147,0.02173472171078037,0
27.851,92.161,0.03770160781848009,0
27.789,92.048,0.3517645943737602,0
27.753,92.041,0.3385770998528637,0
27.588,92.222,0.009451256982500152,0
27.566,92.216,0.001720408607106778,0
27.565,92.065,0.024811411372681634,0
27.519,92.033,0.0038724841187897313,0
27.514,92.048,0.01704455007660561,0
27.509,92.101,0.013541905362058905,0
27.505,92.045,0.00702270848228452,0
27.774,92.315,0.0018306143846380035,0
27.771,92.435,0.1287681798126189,0
27.763,92.425,0.5058075660910801,0
27.756,92.401,0.1894653782336652,0
27.715,92.386,0.147852980480788,0
31.03,93.163,0.004124987515494187,0
30.621,93.181,0.0006457670447956064,0
30.535,93.058,0.022870521677676704,0
30.527,93.419,0.6381731622896015,0
30.521,93.445,0.6234460425191135,0
30.493,93.357,0.32043779043223086,0
30.463,93.39,0.5824999737911828,0
30.425,93.492,0.28095524088053114,0
30.803,93.683,0.4196706903082981,0
30.532,93.516,0.2180565023258644,0
30.461,93.509,0.08138283914951513,0
30.441,93.63,0.634947504712024,0
30.354,93.529,0.5772482950901935,0
30.348,93.507,0.6979527079998901,0
30.883,93.831,0.4687505684440703,0
30.659,93.894,0.1811309702256308,0
30.489,93.823,0.09490604706365204,0
30.789,94.117,0.01615070123098566,0
30.732,94.211,0.6057723305757297,0
30.706,94.118,0.1483137656166834,0
30.262,94.134,0.42906359920350834,0
30.849,94.344,0.03053156778399151,0
30.842,94.353,0.03335958023581813,0
30.654,94.492,0.3668967311790738,0
30.626,94.444,0.8312251490517123,0
30.487,94.266,0.3833414474003198,0
30.431,94.455,0.8669136609627814,0
30.181,94.288,0.5904914560569114,0
30.176,94.282,0.4920830851827573,0
30.452,94.603,0.790685067779426,0
30.393,94.653,0.3056810997985843,0
30.352,94.732,0.9828468788872784,0
30.537,94.759,0.9224551220507818,0
30.482,95.032,0.33824468684503317,0
30.395,95.082,0.7089712488723676,0
30.093,92.485,0.0004584570766942687,0
30.072,92.457,0.016238756643051435,0
30.049,92.443,0.014621983988328115,0
30.327,92.72,0.016538333597816337,0
30.089,92.533,0.004799986069040764,0
30.006,92.742,0.01915765439351145,0
30.297,92.925,0.06704544868245983,0
30.229,92.968,0.04924371763886244,0
30.219,92.941,0.030519791062036727,0
30.197,92.976,0.047269026997462764,0
29.918,92.18,0.014426649459581659,0
29.905,92.192,0.03596520469568846,0
29.816,92.399,0.04747491679348504,0
29.601,92.49,0.009257519931693957,0
29.59,92.716,0.017881221505070554,0
29.539,92.636,0.4134627216144001,0
29.777,92.925,0.08666118969056254,0
29.75,92.778,0.5145309719281487,0
30.296,93.216,0.5104540362563157,0
30.028,93.197,0.04317977580680337,0
30.327,93.351,0.2776550632338118,0
30.319,93.343,0.4537659408837529,0
30.287,93.48,0.2754423314285201,0
30.267,93.457,0.8085717570896214,0
30.167,93.48,0.21646611820670553,0
30.116,93.274,0.2765851528609725,0
30.099,93.272,0.4967062251915728,0
30.079,93.359,0.07636243579812982,0
30.072,93.357,0.4538012007773058,0
30.065,93.334,0.12711394996170283,0
30.059,93.277,0.1100338611811037,0
30.025,93.406,0.20455956484744922,0
30.008,93.437,0.06966145849943144,0
30.249,93.614,0.2434748287086802,0
30.242,93.638,0.779111943328099,0
30.233,93.577,0.37369233551676617,0
30.228,93.636,0.343742372324308,0
30.208,93.512,0.8243290646072715,0
30.172,93.718,0.3619663646843173,0
30.163,93.729,0.333825124882119,0
30.153,93.527,0.26945874702962963,0
30.112,93.501,0.25217947658392353,0
30.261,93.764,0.8010807735628893,0
30.249,93.989,0.059614755723415874,0
30.2,93.798,0.7531050933980419,0
30.088,93.755,0.17970973767452028,0
30.075,93.974,0.023826169873308146,0
30.059,93.781,0.10029898457848517,0
30.02,93.967,0.0018401958838218289,0
29.809,93.018,0.4052867141718427,0
29.764,93.115,0.024045003089513625,0
29.758,93.123,0.0816073696278744,0
29.747,93.149,0.1027457008640618,0
29.693,93.068,0.10385489751874634,0
29.58,93.199,0.08850750825531768,0
29.532,93.236,0.01785076037545985,0
29.52,93.177,0.09098833741291178,0
30.0,93.385,0.17992263504766726,0
29.948,93.25,0.007492002035803741,0
29.732,93.498,0.07295308591299958,0
29.716,93.427,0.12945999359787805,0
29.658,93.275,0.0340870144872522,0
29.65,93.337,0.5479479477045631,0
29.648,93.253,0.13543911345527707,0
29.603,93.427,0.05959358875010427,0
29.601,93.465,0.006906311007202235,0
29.555,93.269,0.05213902493549881,0
29.541,93.345,0.03370649821424474,0
29.644,93.548,0.0395927509227667,0
29.63,93.561,0.05156414629800587,0
29.606,93.588,0.14498709916775415,0
29.605,93.528,0.09019105799998112,0
29.598,93.524,0.16712045247149468,0
29.594,93.731,0.22890622427821375,0
29.585,93.746,0.03701268897245757,0
29.52,93.673,0.348120858743137,0
29.513,93.62,0.010437681306904669,0
29.512,93.714,0.038970281683849105,0
29.477,93.631,0.07173808077828013,0
29.458,93.621,0.023136800805667865,0
29.452,93.62,0.04621410767080491,0
29.443,93.715,0.05875072521486058,0
29.95,93.972,0.36493095978179424,0
29.924,93.889,0.2659192991899433,0
29.907,93.897,0.08589004316785835,0
29.891,93.993,0.19080220871574546,0
29.878,93.839,0.008461116925468788,0
29.657,93.752,0.17627329187819663,0
29.621,93.779,0.10041817504127404,0
29.613,93.91,0.1137819850288859,0
29.589,93.929,0.03511910055686498,0
29.587,93.897,0.032174946134912445,0
29.568,93.902,0.003109360747259726,0
29.558,93.879,0.004514468004004237,0
29.545,93.91,0.0021186719211598566,0
29.542,93.83,0.07647408489419183,0
29.524,93.981,0.026816050781600303,0
29.506,93.911,0.010520118904091475,0
29.506,93.806,0.05808451194307601,0
29.504,93.888,0.01953111472137879,0
29.502,93.937,0.04222325521509967,0
29.491,93.963,0.07858546859683828,0
30.132,94.123,0.015560267687470444,0
30.126,94.09,0.10853113739396489,0
30.115,94.188,0.8789289449521376,0
30.064,94.189,0.09315308606915998,0
30.046,94.157,0.24017036232170028,0
30.019,94.123,0.10062924807195434,0
30.099,94.27,0.7747039573916019,0
29.948,94.161,0.01867224938583816,0
29.941,94.093,0.05276191152513735,0
29.896,94.209,0.035010023622278535,0
29.881,94.207,0.06420460482895549,0
29.856,94.155,0.005516672490381281,0
29.834,94.16,0.10161749174506025,0
29.833,94.135,0.0239962890114098,0
29.817,94.133,0.016930726982642644,0
29.658,94.212,0.008356260240652126,0
29.645,94.185,0.004265173304260634,0
29.636,94.169,0.018364748229660614,0
29.632,94.099,0.02158391558533701,0
29.622,94.163,0.003001046292748278,0
29.611,94.154,0.002411024695187941,0
29.601,94.076,0.06099755554271837,0
29.578,94.113,0.011204939753580674,0
29.573,94.139,0.007738213136536982,0
29.556,94.242,0.098063766199908,0
29.555,94.087,0.006463941189015165,0
29.551,94.111,0.009233700592369717,0
29.55,94.12,0.008899549275087966,0
29.545,94.067,0.0011379390983548684,0
29.543,94.086,0.001395321092258421,0
29.538,94.113,0.03942051272755259,0
29.537,94.034,0.001985365877117964,0
29.529,94.076,0.0014254981144261776,0
29.529,94.001,0.026820948630955688,0
29.526,94.057,0.001877730353709707,0
29.522,94.098,0.026387088068515845,0
29.518,94.121,0.009279937321376235,0
29.507,94.028,0.0025213847819021674,0
29.505,94.133,0.024708381039367813,0
29.499,94.192,0.00514272271345861,0
29.499,94.155,0.03372649010696365,0
29.493,94.178,0.04561911465612931,0
29.491,94.131,0.011038808074076041,0
29.475,94.151,0.03592514372101623,0
29.475,94.194,0.0016113577648310467,0
29.472,94.236,0.006078853847276977,0
29.472,94.213,0.11906955297573034,0
29.47,94.162,0.017712718471584857,0
29.447,94.168,0.04094717327020181,0
29.426,94.186,0.00772751023137397,0
29.424,94.197,0.00824014344265021,0
29.965,94.251,0.26220879632828353,0
29.915,94.28,0.007876124056090068,0
29.906,94.365,0.0028787952294567418,0
29.897,94.294,0.008159104466491382,0
29.894,94.284,0.011137620036914332,0
29.886,94.266,0.1661883878458569,0
29.881,94.377,0.002239222348281,0
29.829,94.363,0.00219703875042488,0
29.829,94.282,0.0017756622964446207,0
29.828,94.462,0.0031588625639799865,0
29.819,94.358,0.14768240005369448,0
29.813,94.433,0.030692998528064966,0
29.78,94.448,0.1399479751485518,0
29.768,94.465,0.13538018198396876,0
29.767,94.482,0.0964667991201767,0
29.744,94.461,0.006310770361945707,0
29.732,94.483,0.030982614902721632,0
29.682,94.494,0.00863331156881267,0
29.574,94.276,0.04295980679709764,0
29.528,94.343,0.10598737530446922,0
29.849,94.519,0.036249255844389254,0
29.808,94.501,0.009799870396555175,0
29.785,94.516,0.03948091658699558,0
29.782,94.527,0.0029882951879336146,0
29.462,91.646,0.01530157307199999,0
29.43,91.971,0.0010456108715634442,0
29.536,92.02,0.0009382373120680336,0
29.56,92.451,0.004669535143389582,0
29.547,92.479,0.026711536954621144,0
29.526,92.491,0.01960944186998163,0
29.51,92.459,0.0056368910793429625,0
29.505,92.464,0.0054131906157995745,0
29.503,92.47,0.004945481095694139,0
29.355,92.453,0.2646364869673999,0
29.334,92.373,0.004770945983430167,0
29.331,92.431,0.39985688059592994,0
29.316,92.434,0.060246385142427625,0
29.287,92.453,0.01898162510180952,0
29.195,92.443,0.09838121565788131,0
29.541,92.687,0.006516946919016459,0
29.532,92.521,0.017951284301281654,0
29.524,92.511,0.019291863377923494,0
29.517,92.739,0.002102249787998997,0
29.517,92.681,0.005144106113850747,0
29.488,92.644,0.2534002274781991,0
29.39,92.549,0.019911349310938596,0
29.3,92.651,0.030477851745126558,0
29.283,92.656,0.03540832734485582,0
29.226,92.625,0.0011930476388406265,0
29.666,92.8,0.025784178549790142,0
29.656,92.783,0.02708685899556523,0
29.656,92.835,0.025960922229128297,0
29.581,92.791,0.008998975532601068,0
29.276,92.802,0.0018424954692075912,0
29.25,92.996,0.07178650030000437,0
29.202,92.984,0.05047860753838503,0
28.705,92.111,0.20864849804823798,0
28.648,92.16,0.027960707096936023,0
28.976,92.253,0.013070808462730912,0
29.437,93.173,0.004487816290183657,0
29.31,93.093,0.0007893200629739026,0
29.284,93.117,0.04596078642857372,0
29.246,93.043,0.0005518677935356407,0
29.238,93.038,0.0006271017311984411,0
29.157,93.069,0.004525147882862197,0
29.555,93.454,0.034816638792041436,0
29.533,93.39,0.02983824143363075,0
29.525,93.47,0.0013192266863234986,0
29.514,93.367,0.18978634877172568,0
29.503,93.497,0.0005934316447138589,0
29.494,93.303,0.020216489239012397,0
29.485,93.299,0.02097458063617369,0
29.476,93.299,0.024481082025800578,0
29.444,93.412,0.0017760018074694651,0
29.439,93.254,0.026309077605853336,0
29.421,93.291,0.010936701229877418,0
29.399,93.319,0.02226263810975579,0
29.322,93.265,0.00583223129763361,0
29.296,93.424,0.026312357704518053,0
29.27,93.285,0.00041787611724207523,0
29.24,93.276,0.025364402893923544,0
29.22,93.306,0.0018527774094284585,0
29.197,93.346,0.004432489418874878,0
29.196,93.327,0.006140215815177971,0
29.19,93.275,0.0009636333733386291,0
29.18,93.272,0.0005123556658049672,0
29.178,93.298,0.23922061593255248,0
29.125,93.326,0.0040039340741189105,0
29.497,93.502,0.0797841648326436,0
29.466,93.59,0.03031172362805445,0
29.462,93.556,0.0021192830329231096,0
29.419,93.739,0.005795171638810793,0
29.417,93.691,0.08701942295519816,0
29.405,93.708,0.008017007197992546,0
29.404,93.65,0.05183963568284502,0
29.396,93.682,0.005422075518764712,0
29.389,93.61,0.0024095089564858388,0
29.383,93.64,0.044035082009286894,0
29.37,93.694,0.0005931917247105972,0
29.331,93.721,0.005716691952944238,0
29.329,93.749,0.006319965513395163,0
29.328,93.677,0.11029114767988697,0
29.312,93.627,0.0013819417301484714,0
29.287,93.736,0.03536162914963177,0
29.287,93.701,0.006386611042621405,0
29.056,93.694,0.0847404682753841,0
29.046,93.741,0.03673748278497103,0
29.037,93.735,0.006207488413480392,0
29.034,93.602,0.014215259073451593,0
29.025,93.567,0.07148619751334703,0
29.024,93.731,0.00837253317137063,0
29.017,93.713,0.057631268939293434,0
29.003,93.566,0.00220496717416031,0
29.003,93.668,0.0030022456774313356,0
29.507,93.84,0.08185551779933671,0
29.488,93.826,0.0008128250521512062,0
29.474,93.864,0.004897820112628829,0
29.465,93.996,0.03527050311715077,0
29.454,93.978,0.013001602549334825,0
29.42,93.864,0.0037650439607650877,0
29.414,93.783,0.009345113901007177,0
29.404,93.775,0.0013748276081193352,0
29.359,93.823,0.006323969175402633,0
29.341,93.788,0.05182741340635308,0
29.337,93.758,0.10690259710805129,0
29.311,93.806,0.05849843105644841,0
29.305,93.835,0.006250652792512355,0
29.038,93.762,0.011867033079309966,0
29.035,93.836,0.023706567834850655,0
29.029,93.982,0.028661095297520204,0
29.021,93.815,0.16487032657718467,0
29.021,93.756,0.014127850241297866,0
28.871,93.224,0.4726898594386953,0
28.773,93.172,0.011617088034332715,0
28.767,93.073,0.004948362797939622,0
28.757,93.079,0.004873635394386039,0
28.771,93.631,0.005634537317855687,0
28.672,93.723,0.00474593258428945,0
28.856,94.0,0.018765040065692327,0
28.847,93.784,0.08166240386711514,0
28.841,93.752,0.006735407426533808,0
28.79,93.912,0.004952513574319075,0
28.785,93.923,0.006800843324011725,0
29.487,94.099,0.03247560643085227,0
29.484,94.034,0.30539507474702743,0
29.481,94.118,0.008464384035866985,0
29.467,94.131,0.04048938119133527,0
29.465,94.103,0.021836471444821495,0
29.464,94.045,0.003981990129653928,0
29.457,94.052,0.002784876039902275,0
29.454,94.015,0.008610157716998404,0
29.454,94.006,0.03952612185949285,0
29.45,94.155,0.03333007582562411,0
29.417,94.15,0.016532306022421325,0
29.402,94.199,0.0035228758965374298,0
29.401,94.208,0.02838446879460903,0
29.396,94.066,0.008032485870259894,0
29.375,94.019,0.07891532048851504,0
29.361,94.147,0.003780775342055288,0
29.343,94.161,0.0026021419735699574,0
29.321,94.119,0.012631813301127346,0
29.296,94.202,0.07166048957132717,0
29.291,94.146,0.0037581851174480273,0
29.271,94.167,0.008406090907509288,0
29.101,94.124,0.01023129278894514,0
29.054,94.002,0.470160006109712,0
29.052,94.097,0.10881125101954503,0
29.031,94.055,0.18251164309084053,0
29.025,94.066,0.5866146315386218,0
29.017,94.039,0.23405330309424965,0
29.397,94.304,0.00618650908504206,0
29.077,94.271,0.2518915378612783,0
29.075,94.296,0.23404428684525508,0
29.069,94.3,0.6499142424240428,0
29.311,94.611,0.03401928616290358,0
29.308,94.637,0.005624135978399399,0
29.545,94.965,0.07617316215924455,0
29.374,94.892,0.7250731428853275,0
28.995,94.006,0.5208613462877324,0
28.906,94.004,0.0667506483632667,0
28.888,94.03,0.015755237375693357,0
28.88,94.04,0.022293529670069156,0
28.87,94.018,0.008364422494625639,0
28.986,94.27,0.4370002396644948,0
28.776,91.981,0.18487043389557536,0
28.046,92.133,0.012134456235491139,0
28.206,92.742,0.22439729202081668,0
28.185,92.696,0.334556667714335,0
28.001,92.641,0.3945838706629363,0
28.216,92.768,0.36426203281269853,0
28.721,93.217,0.0708025878960115,0
28.658,93.144,0.021877428402935967,0
28.342,93.092,0.0025731037089397426,0
28.32,93.047,0.16661858213724065,0
28.65,93.462,0.3580477450207814,0
28.541,93.38,0.05597702201467017,0
28.524,93.394,0.11961691134066033,0
28.52,93.377,0.06515726604208878,0
28.313,93.391,0.19935381603413532,0
28.305,93.437,0.13049501461981988,0
28.297,93.419,0.15185664109360422,0
28.668,93.734,0.00812602987382838,0
28.594,93.726,0.019404676426587754,0
28.585,93.743,0.026881839407060737,0
28.585,93.712,0.018142539249793994,0
28.576,93.578,0.004485048387032437,0
28.568,93.563,0.01697632206656409,0
28.489,93.555,0.04103994570176429,0
28.483,93.603,0.23803825720412303,0
28.459,93.605,0.135122521402098,0
28.458,93.579,0.004284881575335248,0
28.616,93.82,0.1265040479144791,0
28.597,93.805,0.007824418870566155,0
28.587,93.839,0.0031637041487077326,0
28.583,93.812,0.008953706525856357,0
28.549,93.884,0.08326574198834266,0
28.27,93.781,0.05818441928165399,0
27.831,92.345,0.39913099756622,0
27.98,92.651,0.5325565361864952,0
28.117,92.969,0.8032120153462197,0
28.116,92.951,0.19665204097427344,0
28.106,92.97,0.7701505510975204,0
28.087,92.937,0.07833512879953314,0
28.062,92.884,0.04778655250568455,0
28.339,93.122,0.049864478467328784,0
28.294,93.355,0.0183206769108855,0
27.728,92.436,0.5906077653665152,0
27.637,92.407,0.03965761004615986,0
27.602,92.385,0.003989407796376149,0
27.835,92.685,0.5867246451648553,0
27.825,92.647,0.35007160928708614,0
27.742,92.515,0.20287331602051312,0
27.92,92.793,0.1648992368357597,0
27.904,92.81,0.1442839495953821,0
27.901,92.786,0.15352380181140576,0
27.877,92.8,0.21960014568015387,0
30.248,94.356,0.03045110184876633,0
30.219,94.336,0.29705268180424543,0
30.214,94.383,0.07876363360385187,0
30.175,94.408,0.6035409627339567,0
30.174,94.346,0.15401158156475947,0
30.142,94.301,0.5144032052486825,0
30.098,94.483,0.1491319215501645,0
30.073,94.464,0.11579896530385489,0
30.053,94.358,0.1546938673401473,0
30.028,94.396,0.02168254878407012,0
30.017,94.444,0.07183564683643459,0
30.013,94.472,0.03922908245695409,0
30.005,94.384,0.07193047816775498,0
29.985,94.342,0.215407636547137,0
29.984,94.328,0.1818691009809538,0
29.959,94.292,0.08275287545413476,0
29.954,94.32,0.07089691785703423,0
29.954,94.486,0.001354429918976815,0
29.947,94.358,0.29214272916424705,0
29.942,94.287,0.08118316923158268,0
29.932,94.388,0.2150212029773946,0
29.913,94.499,0.09307282618557046,0
29.896,94.461,0.016568371635098382,0
29.884,94.446,0.03426097339442229,0
29.943,94.717,0.06601976862518816,0
29.941,94.613,0.029022327173234108,0
29.941,94.589,0.033213866062908916,0
29.933,94.72,0.016116493545614608,0
29.91,94.711,0.086475372713515,0
29.902,94.561,0.004490713320916945,0
29.902,94.528,0.11994408176296169,0
29.9,94.533,0.1182021637645853,0
29.899,94.701,0.01240990625113989,0
29.892,94.727,0.005059503199035815,0
29.89,94.569,0.004794327459433968,0
29.885,94.646,0.009817310830165933,0
29.882,94.582,0.011331577769438342,0
29.879,94.541,0.004531183567520433,0
29.877,94.63,0.013425345128136439,0
29.875,94.616,0.006016133984643533,0
29.869,94.687,0.009460066508445896,0
29.861,94.531,0.0922199749400472,0
29.852,94.583,0.09232106207596946,0
29.829,94.633,0.006366897884376924,0
29.825,94.55,0.014749228159048696,0
29.824,94.599,0.004491969341715443,0
29.815,94.572,0.08038647917031078,0
29.796,94.577,0.003352494039344234,0
29.779,94.601,0.02064458238327832,0
29.777,94.56,0.0040246096335738455,0
29.776,94.573,0.15762479717768632,0
28.763,93.987,0.025069279977899286,0
28.742,93.915,0.0070882903636033815,0
28.728,93.795,0.10795426673111792,0
28.707,93.792,0.022444103919005875,0
28.606,93.845,0.06888037775487003,0
28.562,93.887,0.004226760982154143,0
28.757,94.153,0.025260441265094236,0
28.754,94.134,0.003062986953937422,0
28.753,94.001,0.059739995149290626,0
28.963,94.372,0.005048397256098,0
28.953,94.383,0.306657789615336,0
28.837,94.451,0.24616808601575413,0
30.603,95.182,0.814016309149187,0
30.269,95.217,0.08115230440849085,0
30.571,95.252,0.6270762181386037,0
30.531,95.487,0.02733943067921757,0
30.42,95.296,0.26774281819055523,0
30.392,95.419,0.1330901423864964,0
30.591,95.551,0.039789087558726136,0
30.576,95.576,0.041194856433877235,0
30.564,95.644,0.022778789696431906,0
30.541,95.703,0.0076600438485111,0
30.537,95.548,0.003593245917473666,0
30.533,95.565,0.003114422601160915,0
30.527,95.693,0.008327763518602762,0
30.522,95.701,0.05498563278123019,0
30.514,95.669,0.029440181832765932,0
30.473,95.575,0.042310407651631576,0
30.496,95.65,0.0086605002488754,0
30.47,95.588,0.04168034392964444,0
30.436,95.602,0.03618968339775747,0
30.391,95.657,0.27361052742910363,0
30.386,95.745,0.4122694195915682,0
30.381,95.654,0.7150046550412562,0
30.326,95.611,0.40997575389745194,0
30.3,95.548,0.7516752012838871,0
30.269,95.606,0.4497219275038522,0
30.251,95.604,0.7713432818823153,0
30.238,95.603,0.6643367835639374,0
30.229,95.592,0.5412818946879668,0
30.223,95.543,0.731424721295582,0
30.221,95.584,0.5459444527442306,0
30.341,95.856,0.41750692789131055,0
30.288,95.871,0.08271514803100855,0
30.18,95.857,0.11306033778426479,0
30.008,95.917,0.3357515860862876,0
29.805,95.642,0.6601147796642544,0
29.796,95.512,0.47801704306877774,0
29.992,95.866,0.6022667124525536,0
29.982,95.905,0.15224214640483552,0
29.905,95.909,0.4131124519132581,0
29.87,95.982,0.43086096938947627,0
29.598,96.141,0.8583706653303701,0
29.579,96.161,0.8369362534022604,0
29.907,96.257,0.3693415232132963,0
29.904,96.399,0.02028165110232991,0
29.893,96.38,0.028001433740042613,0
29.883,96.391,0.16247337076809681,0
29.874,96.325,0.7704388747950343,0
29.867,96.37,0.7040568371581967,0
29.823,96.351,0.39061705733325497,0
29.762,96.375,0.04112053124197658,0
29.706,96.308,0.09389458639558819,0
29.626,96.47,0.4283184777821542,0
29.571,96.375,0.13782491338885586,0
29.664,96.553,0.38864748653332415,0
29.177,94.526,0.006209265966480488,0
29.504,94.969,0.17647428903312914,0
29.33,94.816,0.5159764440711478,0
29.316,94.922,0.011925324145095294,0
29.256,94.77,0.011120818294463874,0
29.226,94.783,0.005790521524497333,0
29.222,94.78,0.005184315724941576,0
28.978,94.398,0.026774867907277393,0
29.483,95.038,0.3974787001940926,0
29.478,95.074,0.3801928815155807,0
29.254,95.227,0.9133930300557862,0
29.069,95.242,0.1246655223335146,0
29.058,95.237,0.0332986607156681,0
29.188,95.453,0.013443848934298445,0
29.183,95.451,0.0033167621557144453,0
29.18,95.486,0.008228808920790925,0
29.163,95.491,0.09845208077352392,0
29.161,95.464,0.016746849126824673,0
29.144,95.493,0.13509091324238814,0
29.14,95.405,0.03184961451491435,0
29.062,95.263,0.27162448888633434,0
29.763,95.546,0.12222783653213402,0
29.723,95.528,0.5900537958674468,0
29.633,95.613,0.1023686796090946,0
29.599,95.74,0.4918079837198818,0
29.596,95.691,0.04544912527280852,0
29.557,95.679,0.028801280880013484,0
29.513,95.693,0.13836552610492422,0
29.377,95.63,0.03782585841465479,0
29.374,95.558,0.09096137370688441,0
29.374,95.718,0.17590251535261367,0
29.372,95.712,0.18628010725586874,0
29.367,95.696,0.009346074341931403,0
29.363,95.598,0.11800924986004524,0
29.359,95.583,0.22533026618531796,0
29.359,95.656,0.010346728700899265,0
29.356,95.664,0.012184628085977613,0
29.347,95.732,0.15284931423954948,0
29.347,95.695,0.01258276176274771,0
29.336,95.741,0.16004462950026052,0
29.324,95.59,0.06960424573336275,0
29.304,95.64,0.25444807779469314,0
29.304,95.725,0.02655125037556656,0
29.283,95.74,0.053101962241492044,0
29.273,95.739,0.03296812716376546,0
29.237,95.659,0.12226419599103018,0
29.234,95.596,0.1391549998915918,0
29.233,95.654,0.1469599235470552,0
29.202,95.545,0.004360088141617397,0
29.2,95.505,0.008516319198506851,0
29.195,95.592,0.05125747391052837,0
29.539,95.795,0.026240429543173176,0
29.535,95.804,0.019636773492495926,0
29.387,95.987,0.8070604190283936,0
29.375,95.951,0.7945560717075922,0
29.371,95.873,0.1528265411665264,0
29.354,95.927,0.8218975053687235,0
29.352,95.902,0.8638230991283348,0
29.352,95.915,0.8231876940436972,0
29.335,95.871,0.46240092677981004,0
29.327,95.847,0.21389658179672602,0
29.323,95.857,0.41044631838661877,0
28.72,95.16,0.1391098457790088,0
28.964,95.252,0.17873150469665527,0
28.943,95.298,0.011660679831104831,0
28.922,95.323,0.1692550647754947,0
28.899,95.313,0.25959969304733377,0
28.876,95.316,0.06774837311891851,0
29.176,95.447,0.0274616752361826,0
29.167,95.45,0.06280714843214621,0
29.141,95.437,0.0696322729540512,0
29.129,95.439,0.09801920475418051,0
29.12,95.397,0.04136172674411584,0
29.117,95.48,0.40918690100129806,0
29.085,95.438,0.01510352453211443,0
29.074,95.427,0.22417440856346754,0
29.072,95.405,0.2781018882689999,0
29.208,95.742,0.0076956860449764975,0
29.176,95.617,0.1298108205886535,0
29.172,95.736,0.10582742138843403,0
29.166,95.674,0.09570139907031942,0
29.092,95.566,0.5255067777269807,0
29.084,95.501,0.047586979973084406,0
29.294,95.887,0.10593080424718626,0
29.27,95.925,0.10900672734794749,0
29.251,95.957,0.02529671735844503,0
29.25,95.993,0.19774149966723498,0
29.239,95.98,0.018141000503759445,0
29.232,95.981,0.01948358281062518,0
29.229,95.962,0.012626653288138619,0
29.219,95.749,0.008103500655687284,0
29.202,95.797,0.068298388740517,0
29.173,95.826,0.22735941483623243,0
29.153,95.772,0.20503546693541688,0
29.074,95.946,0.02279998226303935,0
29.019,95.91,0.006615661122095449,0
29.011,95.885,0.05202803940392087,0
28.977,95.263,0.015179245162744392,0
28.917,95.34,0.19789486231262668,0
28.911,95.334,0.006689579059421764,0
28.875,95.377,0.015281326461174279,0
28.875,95.334,0.13899924385920898,0
28.873,95.35,0.01368173728714052,0
28.863,95.34,0.009474669387933633,0
28.848,95.32,0.16751797847739344,0
28.831,95.35,0.17713473767197419,0
28.746,95.398,0.07193171638728511,0
29.005,95.905,0.021538159349297457,0
28.979,95.861,0.10006534182730648,0
29.338,96.082,0.7119106205376665,0
29.335,96.008,0.12860251145894055,0
29.325,96.114,0.09641962618331608,0
29.321,96.117,0.0884610102895118,0
29.315,96.125,0.18584153628100938,0
29.309,96.136,0.14148478117298954,0
29.304,96.142,0.1382816205166554,0
29.302,96.082,0.0715148492864126,0
29.292,96.001,0.3130937761194081,0
29.288,96.134,0.17450926271630743,0
29.283,96.091,0.07914497324764028,0
29.269,96.157,0.11480966821948303,0
29.257,96.138,0.15757977132218134,0
29.256,96.209,0.10507906906233902,0
29.249,96.028,0.13973089030188263,0
29.241,96.074,0.05453378572809127,0
29.229,96.192,0.11577395155499946,0
29.226,96.072,0.08945893353614418,0
29.226,96.16,0.15933974229218376,0
29.211,96.069,0.16031926278920272,0
29.197,96.192,0.14407378670004248,0
29.196,96.203,0.16982930965808535,0
29.191,96.112,0.4429308570404784,0
29.185,96.216,0.2422088704667451,0
29.183,96.087,0.15871369704335736,0
29.176,96.175,0.21223618142160922,0
29.155,96.069,0.016007720332081816,0
29.147,96.017,0.016110688019582046,0
29.145,96.066,0.008954681118464721,0
29.141,96.036,0.007636501176198946,0
29.107,96.23,0.11798920217710301,0
29.1,96.173,0.03812033358727199,0
29.096,96.223,0.10871268251481202,0
29.096,95.997,0.13597382149632145,0
29.092,96.243,0.2585938685800519,0
29.091,96.211,0.1367656365022685,0
29.091,96.162,0.27844781734415586,0
29.083,96.201,0.16455389649388724,0
29.079,96.145,0.261098014385511,0
29.077,96.23,0.13623111503574767,0
29.069,96.147,0.23596048371360664,0
29.061,96.22,0.10768313996475787,0
29.051,96.144,0.0401441242823967,0
29.044,96.193,0.40955055402184737,0
29.042,96.22,0.37095439137470465,0
29.036,96.178,0.5140514418592073,0
29.03,96.223,0.3972853085592472,0
29.03,96.193,0.40138361648002086,0
29.026,96.044,0.03195385429043992,0
29.024,96.178,0.47983207749072654,0
29.018,96.062,0.17612926556754677,0
29.009,96.084,0.013489148388427508,0
29.008,96.218,0.22175645852272827,0
29.008,96.182,0.047003359865131496,0
29.244,96.245,0.1964979346700271,0
29.094,96.26,0.20810122187294733,0
29.06,96.303,0.18414624362405035,0
29.05,96.331,0.1351540228666491,0
29.04,96.304,0.2084592671169186,0
29.031,96.318,0.17150046951833492,0
29.023,96.311,0.14372539723818858,0
29.022,96.297,0.1615326125889972,0
29.001,96.184,0.04036290363681629,0
28.989,96.188,0.011606653248299955,0
28.987,96.069,0.08361370613633505,0
28.985,96.197,0.017538026691395415,0
28.952,96.038,0.03344016688249801,0
28.948,96.168,0.05422839194665754,0
28.941,96.02,0.03171409126280544,0
28.923,96.19,0.03816023608945865,0
28.913,96.178,0.04856565991205874,0
28.889,96.151,0.0261225223559124,0
28.887,96.197,0.36077794317805145,0
28.886,96.137,0.011350011915428585,0
28.852,96.171,0.11342833443481905,0
28.846,96.127,0.02080137161305724,0
28.828,96.244,0.09631911032749353,0
28.821,96.121,0.17711736603314743,0
28.82,96.145,0.012586344539768335,0
28.814,96.122,0.20156610477823292,0
28.803,96.155,0.08738986227385814,0
28.793,96.055,0.050457429796131964,0
28.792,96.148,0.12007145306912444,0
28.542,96.125,0.02118388684767827,0
28.992,96.257,0.02021623296423411,0
28.944,96.371,0.07076693422845412,0
28.935,96.369,0.11607053382739484,0
28.928,96.339,0.22724858800607756,0
28.924,96.311,0.020225011869444316,0
28.924,96.368,0.17425298383734997,0
28.919,96.383,0.3593078473538458,0
28.89,96.494,0.019026521812113575,0
28.879,96.372,0.01843479501529037,0
28.877,96.477,0.02582204036103969,0
28.875,96.394,0.3703133526987513,0
28.874,96.436,0.11787299935269174,0
28.862,96.44,0.058024128234185395,0
28.861,96.249,0.5621235806445332,0
28.847,96.355,0.17059650455962644,0
28.832,96.25,0.5330591719739013,0
28.823,96.359,0.05833859200142545,0
28.809,96.459,0.02059956939884111,0
28.802,96.44,0.1054298937180399,0
28.801,96.484,0.03553503363340708,0
28.765,96.386,0.2865247966362587,0
28.749,96.375,0.28554415768348607,0
28.748,96.353,0.009417668300470614,0
28.74,96.413,0.184098799867684,0
28.729,96.446,0.02476831421164797,0
28.727,96.485,0.02125438309241089,0
28.727,96.392,0.021876509365749978,0
28.725,96.422,0.02047723448878557,0
28.721,96.405,0.02458134673745096,0
28.666,96.426,0.10732392393786185,0
28.66,96.486,0.0659971746690039,0
28.617,96.439,0.008891177179138399,0
28.614,96.312,0.30970242769003786,0
28.608,96.32,0.18383428316971695,0
28.565,96.408,0.05617548700103205,0
28.563,96.355,0.003062767193809861,0
28.563,96.366,0.012414810345135361,0
28.545,96.443,0.025762839850776962,0
28.539,96.394,0.030583697122388273,0
28.524,96.424,0.22605166453718187,0
28.522,96.444,0.2319883516991028,0
28.521,96.25,0.025396511000816985,0
28.519,96.398,0.02161465837629658,0
28.513,96.398,0.353700506562305,0
28.505,96.391,0.1516250845348781,0
28.421,96.377,0.6818528208019675,0
28.923,96.515,0.028983521777309854,0
28.872,96.51,0.010862212066272373,0
28.838,96.497,0.2344866633654074,0
28.829,96.532,0.06731943969063633,0
28.807,96.538,0.22511994505449032,0
28.801,96.512,0.13423442441831027,0
28.776,96.531,0.01948982738820112,0
28.764,96.517,0.043453636209781175,0
28.745,96.511,0.016877866383353323,0
28.707,96.505,0.08912870573366745,0
28.697,96.572,0.025185859520395877,0
28.694,96.551,0.021557081024283324,0
28.687,96.584,0.028735295100001303,0
28.685,96.633,0.20322031742291627,0
28.676,96.51,0.052901983445869646,0
28.668,96.611,0.1676715950285433,0
28.666,96.632,0.2305101759594549,0
29.365,96.124,0.8833704544445518,0
29.329,96.195,0.12231117004281676,0
29.324,96.209,0.11462644850562394,0
29.305,96.156,0.13605739270785658,0
29.264,96.245,0.6015988669413967,0
29.257,96.246,0.5991039144207746,0
29.387,96.375,0.6815873277346692,0
29.224,96.279,0.38295624706697606,0
29.175,96.346,0.3994554683579621,0
29.175,96.327,0.800309700737561,0
29.13,96.324,0.820917549896859,0
29.127,96.399,0.669252094176761,0
29.597,96.617,0.5054121141138537,0
29.589,96.674,0.5922138023463096,0
29.561,96.63,0.5174573079777381,0
29.491,96.701,0.014729631834748196,0
29.421,96.627,0.8008073087188007,0
29.406,96.681,0.2517496988787515,0
29.124,96.66,0.4463679523173197,0
29.502,96.977,0.5492920751780381,0
29.462,96.787,0.020137582114817993,0
29.397,96.828,0.041240275421788965,0
29.298,96.816,0.7581882901249251,0
29.295,96.835,0.7604734619826046,0
29.268,96.837,0.04117526553451282,0
29.263,96.938,0.7044343625791268,0
29.254,96.965,0.7408133583985704,0
29.248,96.966,0.7132513618407252,0
29.238,96.826,0.27847202013587374,0
29.23,96.805,0.2729311084897857,0
29.221,96.814,0.26699703321233115,0
29.179,96.857,0.8488499937755012,0
29.171,96.867,0.7825173031337194,0
29.071,96.799,0.9921732545725308,0
28.952,96.493,0.5143067942730989,0
28.518,96.421,0.6653287905819315,0
28.345,96.334,0.07994614016904922,0
28.954,96.561,0.4789147887147909,0
28.939,96.74,0.18132345038767445,0
28.924,96.564,0.37809927799406673,0
28.921,96.553,0.3712940083824711,0
28.908,96.525,0.021225393507521687,0
28.898,96.55,0.2011780079617956,0
28.81,96.606,0.1423181650570546,0
28.777,96.606,0.0033425300062354247,0
28.77,96.617,0.46008809514836047,0
28.647,96.645,0.5222422118983526,0
28.644,96.589,0.06867613411429406,0
28.637,96.685,0.4157240735648814,0
28.628,96.533,0.016045248318479387,0
28.627,96.565,0.11861964330140874,0
28.613,96.522,0.017458530022258473,0
28.611,96.723,0.39286182052550894,0
28.586,96.652,0.08239983538587084,0
28.58,96.681,0.2237012914313346,0
28.565,96.636,0.08861061483150716,0
28.562,96.715,0.051187641896377735,0
28.559,96.692,0.09868773718108803,0
28.541,96.618,0.16935400722692764,0
28.541,96.602,0.08100031754393194,0
28.534,96.644,0.01624629253899375,0
28.53,96.622,0.2736729461460593,0
28.527,96.65,0.2173522407084799,0
28.516,96.699,0.03317737322662978,0
28.512,96.502,0.12316517379514491,0
28.492,96.692,0.014224345733993924,0
28.864,96.83,0.03159547252147845,0
28.85,96.928,0.14123234986557515,0
28.843,96.818,0.04236491531066397,0
28.832,96.82,0.06805294774191746,0
28.829,96.789,0.07992013037783774,0
28.576,96.756,0.2890033613520963,0
28.536,96.766,0.6098069710116828,0
28.51,96.8,0.06445839430403999,0
28.504,96.833,0.5307910811023928,0
28.503,96.843,0.2115777911210639,0
28.503,96.86,0.43237925277107075,0
28.47,96.882,0.2203640305937355,0
28.447,96.885,0.2000418765984119,0
28.432,96.924,0.11537187245267128,0
28.425,96.872,0.11397281883668436,0
28.403,96.837,0.17953547696990163,0
28.394,96.869,0.21156292371837537,0
28.392,96.858,0.2533550558299817,0
28.381,96.859,0.395135837520915,0
28.315,96.817,0.40969538779375086,0
28.253,96.819,0.3586594879759596,0
28.245,96.832,0.09108874867107215,0
28.214,96.885,0.14878861004110155,0
28.202,96.898,0.20267728606131144,0
28.165,96.83,0.048027367667153605,0
28.159,96.848,0.022755207298193466,0
29.701,97.002,0.49330702058759623,0
29.609,97.075,0.18488055912394397,0
29.507,97.061,0.49768529118842036,0
29.496,97.104,0.4800876157369663,0
29.472,97.035,0.48763594075331307,0
29.46,97.085,0.6092498820643423,0
29.403,97.012,0.20311867426965874,0
29.392,97.022,0.2436642980235577,0
29.228,97.029,0.7475478414049795,0
29.087,97.155,0.863121132868108,0
29.039,97.095,0.8012607106927875,0
29.015,97.249,0.010434097047187839,0
29.004,97.134,0.3312931692697723,0
29.466,97.376,0.31078891790292584,0
29.229,97.333,0.7023896173628653,0
29.216,97.378,0.35832448607655726,0
29.2,97.37,0.6982200257180574,0
29.066,97.536,0.011499133574867397,0
29.032,97.512,0.15843057626831525,0
28.995,97.231,0.0020630171100658695,0
28.977,97.215,0.004514165288276964,0
28.956,97.195,0.0033902700414775245,0
28.947,97.1,0.005102845265269465,0
28.916,97.153,0.1819394069457279,0
28.904,97.149,0.2984599042895219,0
28.898,97.165,0.2546970326164221,0
28.848,97.092,0.5033823277439217,0
28.846,97.13,0.02313508006581538,0
28.835,97.148,0.025125433909777888,0
28.821,97.152,0.021625908592702223,0
28.813,97.17,0.014785563428667815,0
28.808,97.126,0.06356650933184446,0
28.796,97.183,0.3636540719662663,0
28.786,97.219,0.7949425370078407,0
28.783,97.153,0.020563235100966804,0
28.767,97.101,0.035827744363215105,0
28.763,97.058,0.0075567308075453,0
28.753,97.137,0.044344932070846006,0
28.747,97.097,0.14418293451007003,0
28.744,97.217,0.38989386244512486,0
28.702,97.142,0.011496417917511307,0
28.351,97.157,0.11731730194839009,0
28.303,97.234,0.04887496035511859,0
28.291,97.218,0.0664447889327907,0
28.264,97.225,0.1959712732920827,0
28.262,97.232,0.4962378505209789,0
28.226,97.175,0.10815916338237405,0
28.22,97.12,0.008323627977504714,0
28.2,97.236,0.13198460873571174,0
28.087,97.24,0.37553307446709994,0
28.084,97.215,0.18596980429484333,0
28.058,97.226,0.08024179184186934,0
28.054,97.166,0.0029297676087190927,0
28.041,97.193,0.0690135323008937,0
28.041,97.218,0.10322774459595667,0
28.04,97.126,0.015339368543874476,0
28.035,97.132,0.07175443998380854,0
28.034,97.241,0.42305001667961506,0
28.025,97.186,0.03952569287339918,0
28.024,97.175,0.11906955256649607,0
28.02,97.194,0.16633561567930163,0
28.016,97.215,0.06204747477807571,0
28.008,97.176,0.0028966406823923573,0
28.989,97.268,0.11721179659666667,0
28.973,97.327,0.0449708283741411,0
28.958,97.335,0.04507381312206268,0
28.947,97.32,0.026396033219011066,0
28.944,97.304,0.46176346776367594,0
28.94,97.262,0.03165275428876174,0
28.915,97.35,0.13393233929651366,0
28.892,97.336,0.12026305860935936,0
28.877,97.355,0.42760822640218177,0
28.691,97.337,0.02357797921406643,0
28.595,97.439,0.0029748999184981252,0
28.548,97.366,0.003042493702038395,0
28.548,97.393,0.0027910901380376286,0
28.514,97.493,0.022475098484502087,0
28.482,97.322,0.0021490313634058202,0
28.472,97.38,0.0026552721880620874,0
28.464,97.409,0.016001491570576502,0
28.432,97.253,0.0037979168263203066,0
28.426,97.401,0.05923990536814073,0
28.412,97.465,0.06361607438197824,0
28.411,97.406,0.03507416301477984,0
28.4,97.393,0.041537375647261676,0
28.369,97.446,0.7261258796457555,0
28.34,97.369,0.0033080277860106752,0
28.313,97.343,0.0027288120985268626,0
28.274,97.253,0.4216173906036343,0
28.243,97.331,0.15572931924942524,0
28.24,97.25,0.23116394859504252,0
28.227,97.269,0.0020498311712627815,0
28.223,97.285,0.001913597444658297,0
28.214,97.318,0.1048568743012229,0
28.174,97.329,0.01574766429507339,0
28.162,97.32,0.023801769461829762,0
28.149,97.274,0.005636530709157618,0
28.14,97.29,0.005844794983963099,0
28.136,97.306,0.0023019963560739084,0
28.136,97.321,0.0022612481503189114,0
28.116,97.3,0.028200838486571886,0
28.107,97.311,0.01843132368865125,0
28.106,97.32,0.03327365410430829,0
28.101,97.27,0.02524702226548758,0
28.096,97.289,0.04670524329433356,0
28.08,97.304,0.02061055103934751,0
28.061,97.357,0.1227610305064709,0
28.054,97.33,0.10978976996869909,0
28.053,97.281,0.8005380700693008,0
28.045,97.293,0.37372878628501294,0
28.991,97.549,0.7308242517692843,0
28.938,97.522,0.3128684660871079,0
28.863,97.612,0.005474385960432135,0
28.852,97.631,0.001685267005597498,0
28.556,97.548,0.00568745369396046,0
28.536,97.621,0.009152313605464464,0
28.518,97.527,0.07344516794014039,0
27.816,96.707,0.3122345537824908,0
27.759,96.878,0.17009681106500835,0
27.742,96.845,0.045483540907633575,0
27.732,96.871,0.07643084719718239,0
27.726,96.848,0.05979041822664701,0
27.719,96.877,0.46801911115937866,0
27.712,96.938,0.2675062810628347,0
27.69,96.86,0.06368175093218184,0
27.646,96.878,0.185513879247684,0
27.637,96.916,0.06217061928820994,0
27.996,97.187,0.05023654677207945,0
27.99,97.098,0.32088775588763047,0
27.959,97.105,0.11882680412812768,0
27.949,97.108,0.031192483735195727,0
27.948,97.131,0.030468269884120255,0
27.994,97.316,0.002399155217273962,0
27.989,97.369,0.0020749737008127463,0
27.893,97.358,0.03119753731530967,0
27.879,97.36,0.01833817348204285,0
